YearRemodAdd,YearBuilt,TotRmsAbvGrd,FullBath,1stFlrSF,GarageArea,TotalBsmtSF,GarageCars,2ndFlrSF,GrLivArea,OverallQual,SalePrice
2003,2003,8,2,856,548,856,2,854,1710,7,208500
1976,1976,6,2,1262,460,1262,2,0,1262,6,181500
2002,2001,6,2,920,608,920,2,866,1786,7,223500
1970,1915,7,1,961,642,756,3,756,1717,7,140000
2000,2000,9,2,1145,836,1145,3,1053,2198,8,250000
1995,1993,5,1,796,480,796,2,566,1362,5,143000
2005,2004,7,2,1694,636,1686,2,0,1694,8,307000
1973,1973,7,2,1107,484,1107,2,983,2090,7,200000
1950,1931,8,2,1022,468,952,2,752,1774,7,129900
1950,1939,5,1,1077,205,991,1,0,1077,5,118000
1965,1965,5,1,1040,384,1040,1,0,1040,5,129500
2006,2005,11,3,1182,736,1175,3,1142,2324,9,345000
1962,1962,4,1,912,352,912,1,0,912,5,144000
2007,2006,7,2,1494,840,1494,3,0,1494,7,279500
1960,1960,5,1,1253,352,1253,1,0,1253,6,157000
2001,1929,5,1,854,576,832,2,0,854,7,132000
1970,1970,5,1,1004,480,1004,2,0,1004,6,149000
1967,1967,6,2,1296,516,0,2,0,1296,4,90000
2004,2004,6,1,1114,576,1114,2,0,1114,5,159000
1965,1958,6,1,1339,294,1029,1,0,1339,5,139000
2006,2005,9,3,1158,853,1158,3,1218,2376,8,325300
1950,1930,6,1,1108,280,637,1,0,1108,7,139400
2002,2002,7,2,1795,534,1777,2,0,1795,8,230000
1976,1976,6,1,1060,572,1040,2,0,1060,5,129900
2001,1968,6,1,1060,270,1060,1,0,1060,5,154000
2007,2007,7,2,1600,890,1566,3,0,1600,8,256300
2000,1951,5,1,900,576,900,2,0,900,5,134800
2008,2007,7,2,1704,772,1704,3,0,1704,8,306000
1997,1957,6,1,1600,319,1484,1,0,1600,5,207500
1950,1927,4,1,520,240,520,1,0,520,4,68500
1950,1920,6,1,649,250,649,1,668,1317,4,40000
2006,1966,6,1,1228,271,1228,1,0,1228,5,149350
2007,2007,7,2,1234,484,1234,2,0,1234,8,179900
1959,1959,6,1,1700,447,1398,2,0,1700,5,165500
2005,2005,6,2,1561,556,1561,2,0,1561,9,277500
2005,2004,9,3,1132,691,1117,3,1320,2452,8,309000
1995,1994,6,1,1097,672,1097,2,0,1097,5,145000
1990,1954,5,1,1297,498,1297,2,0,1297,5,153000
2007,1953,5,1,1057,246,1057,1,0,1057,5,109000
1955,1955,6,2,1152,0,0,0,0,1152,4,82000
1965,1965,6,2,1324,440,1088,2,0,1324,6,160000
1959,1959,5,1,1328,308,1350,1,0,1328,5,170000
1983,1983,5,1,884,504,840,2,0,884,5,144000
1980,1975,5,1,938,308,938,1,0,938,5,130250
1959,1959,6,1,1150,300,1150,1,0,1150,5,141000
2005,2005,6,2,1752,576,1752,2,0,1752,9,319900
2003,2003,6,1,1518,670,1434,2,631,2149,7,239686
2006,2006,7,2,1656,826,1656,3,0,1656,8,249700
2008,1920,8,2,736,0,736,0,716,1452,4,113000
1966,1966,6,1,955,386,955,1,0,955,5,127000
1997,1997,6,2,794,388,794,2,676,1470,6,177000
1950,1934,6,1,816,528,816,2,0,1176,6,114500
1963,1963,5,1,816,516,816,2,0,816,5,110000
1987,1981,5,0,1842,894,1842,3,0,1842,9,385000
1955,1955,6,1,1360,572,384,2,0,1360,5,130000
1964,1964,7,2,1425,576,1425,2,0,1425,6,180500
2000,1999,7,2,983,480,970,2,756,1739,8,172500
2004,2004,7,2,860,565,860,2,860,1720,7,196500
2006,2006,10,3,1426,641,1410,3,1519,2945,10,438780
1972,1972,4,1,780,352,780,1,0,780,5,124900
2004,2004,5,1,1158,576,1158,2,0,1158,6,158000
1996,1920,6,1,581,288,530,1,530,1111,5,101000
2006,2006,6,2,1370,484,1370,2,0,1370,8,202500
1950,1921,9,2,902,480,576,2,808,1710,7,140000
1998,1997,8,2,1057,645,1057,2,977,2034,7,219500
2005,2004,9,2,1143,852,1143,3,1330,2473,8,317000
1989,1970,7,2,2207,576,1947,2,0,2207,7,180000
2003,2003,7,2,1479,558,1453,2,0,1479,7,226000
1950,1945,4,1,747,220,747,1,0,747,4,80000
1953,1953,7,2,1304,667,1304,2,983,2287,7,225000
1973,1973,8,2,2223,516,2223,2,0,2223,7,244000
2006,1982,4,1,845,360,845,2,0,845,4,129500
1998,1998,7,2,885,427,832,2,833,1718,7,185000
2003,1954,6,1,1086,490,1086,2,0,1086,5,144900
1950,1915,8,2,840,379,840,1,765,1605,3,107400
1973,1973,5,1,526,297,462,1,462,988,4,91000
1956,1956,4,1,952,283,952,1,0,952,4,135750
2001,1948,6,1,1072,240,672,1,213,1285,5,127000
1968,1968,8,2,1768,0,1768,0,0,1768,4,136500
1981,1910,5,1,682,440,440,2,548,1230,5,110000
1968,1968,8,2,1182,509,896,1,960,2142,6,193500
1998,1998,5,2,1337,405,1237,2,0,1337,6,153500
2007,2007,6,2,1563,758,1563,3,0,1563,8,245000
1960,1960,6,1,1065,461,1065,2,0,1065,5,126500
1996,1995,7,2,804,400,384,2,670,1474,7,168500
1992,1991,9,2,1301,462,1288,2,1116,2417,8,260000
2005,2005,6,2,684,400,684,2,876,1560,6,174000
2009,2009,4,2,612,528,612,2,612,1224,6,164500
1982,1915,6,1,1013,0,1013,0,0,1526,3,85000
1995,1994,5,1,990,0,990,0,0,990,4,123600
1950,1950,4,1,1040,420,0,2,0,1040,4,109900
1961,1961,6,1,1235,480,1235,2,0,1235,5,98600
2006,1921,5,1,964,432,876,2,0,964,5,163500
1998,1910,9,2,1260,506,1214,2,1031,2291,6,133900
1997,1997,7,2,905,684,824,2,881,1786,6,204750
1993,1993,6,2,680,420,680,2,790,1470,6,185000
1999,1999,6,2,1588,472,1588,2,0,1588,7,214000
1965,1965,6,1,960,432,960,1,0,960,4,94750
1950,1920,5,1,835,366,458,1,0,835,5,83000
1959,1959,6,1,1225,0,950,0,0,1225,4,128950
2001,1977,6,2,1610,480,1610,2,0,1610,6,205000
1985,1985,7,2,977,476,741,2,755,1732,6,178000
1979,1979,8,2,1535,410,0,2,0,1535,5,118964
2009,2009,6,2,1226,740,1226,3,0,1226,7,198900
1950,1931,7,1,1226,240,1040,1,592,1818,7,169500
2004,2003,9,2,1053,648,1053,2,939,1992,8,250000
1995,1885,6,1,1047,273,641,1,0,1047,4,100000
1950,1948,5,1,789,250,789,1,0,789,5,115000
2005,1919,7,2,997,0,793,0,520,1517,5,115000
1977,1977,7,2,1844,546,1844,2,0,1844,6,190000
1972,1954,7,2,1216,325,994,1,639,1855,6,136900
2000,2000,7,2,774,400,384,2,656,1430,7,180000
2007,2007,10,2,1282,792,1264,3,1414,2696,7,383970
1953,1953,7,2,2259,450,1809,2,0,2259,6,217000
2002,1945,9,2,1436,180,1028,1,884,2320,6,259500
1999,1999,5,2,729,440,729,2,729,1458,6,176000
1962,1962,6,1,1092,288,1092,1,0,1092,5,139000
2007,2006,5,1,1125,430,1125,2,0,1125,5,155000
1990,1990,11,3,1699,594,1673,3,1523,3222,7,320000
2006,2005,8,2,728,390,728,2,728,1456,6,163990
1969,1969,4,1,988,540,938,2,0,988,6,180000
1950,1939,4,1,772,264,732,1,351,1123,4,100000
1958,1958,5,1,1080,288,1080,1,0,1080,6,136000
1993,1993,5,2,1199,530,1199,2,0,1199,6,153900
1998,1979,7,2,1586,435,1362,2,0,1586,6,181000
1982,1935,5,1,520,0,520,0,0,754,6,84500
1976,1976,5,2,958,440,1078,2,0,958,6,128000
1950,1930,5,1,840,0,672,0,0,840,5,87000
1966,1966,6,1,660,453,660,2,688,1348,6,155000
1991,1958,6,1,1053,750,1008,2,0,1053,5,150000
1966,1966,8,2,1216,487,924,2,941,2157,7,226000
2000,2000,7,2,1022,390,992,2,1032,2054,6,244000
2002,1959,7,1,1327,624,1063,2,0,1327,5,150750
2002,2001,6,2,1296,471,1267,2,0,1296,8,220000
1993,1968,7,2,1721,440,1461,2,0,1721,5,180000
1970,1970,7,2,1682,530,1304,2,0,1682,7,174000
1967,1967,5,2,1214,318,1214,1,0,1214,5,143000
1989,1988,9,3,1959,766,1907,3,0,1959,7,171000
2000,1999,7,2,1004,660,1004,3,848,1852,8,230000
1997,1997,7,2,928,470,928,2,836,1764,6,231500
1971,1971,5,1,864,0,864,0,0,864,4,115000
2005,2005,7,2,1734,660,1734,2,0,1734,7,260000
1952,1952,6,2,910,720,910,2,475,1385,5,166000
1999,1999,6,2,1501,577,1490,2,0,1501,7,204000
1963,1963,10,2,1728,504,1728,2,0,1728,5,125000
2006,2004,7,2,970,380,970,2,739,1709,6,130000
1993,1931,5,1,875,180,715,1,0,875,5,105000
2001,2001,8,2,884,434,884,2,1151,2035,7,222500
2005,2004,6,1,1080,0,1080,0,0,1080,7,141000
1950,1936,7,1,896,240,896,1,448,1344,5,115000
1975,1975,5,1,969,440,969,2,0,969,5,122000
2008,2007,6,2,1710,866,1710,3,0,1710,8,372402
1971,1971,8,2,1097,495,825,2,896,1993,6,190000
1975,1960,4,1,1252,564,1602,2,0,1252,6,235000
1950,1923,7,1,1200,312,1200,1,0,1200,6,125000
1950,1924,5,1,572,0,572,0,524,1096,6,79000
1950,1950,5,1,1040,625,0,2,0,1040,5,109500
2010,2009,8,2,774,680,774,3,1194,1968,8,269500
2005,2004,8,2,991,678,991,2,956,1947,7,254900
2006,2005,9,2,1392,576,1392,2,1070,2462,7,320000
1984,1984,6,2,1232,516,1232,2,0,1232,6,162500
2004,2003,10,2,1572,726,1572,3,1096,2668,9,412500
2005,2005,7,2,1541,532,1541,2,0,1541,7,220000
1956,1956,4,1,882,0,882,0,0,882,4,103200
2004,1926,5,2,1149,216,1149,1,467,1616,6,152000
1999,1940,6,2,808,0,644,0,547,1355,5,127500
1993,1955,7,1,1867,303,1617,1,0,1867,5,190000
2007,2007,8,1,1610,789,1582,3,551,2161,8,325624
2004,2004,7,2,840,440,840,2,880,1720,7,183500
1981,1981,6,2,1707,511,1686,2,0,1707,8,228000
1950,1941,7,1,854,660,720,2,0,1382,5,128500
1960,1960,7,1,1656,528,1080,2,0,1656,6,215000
1987,1987,5,2,1064,504,1064,2,703,1767,7,239000
1961,1961,6,1,1362,504,1362,2,0,1362,6,163000
1986,1986,7,2,1651,616,1606,2,0,1651,6,184000
2001,1950,7,2,2158,576,1202,2,0,2158,6,243000
1989,1988,8,2,1164,521,1151,2,896,2060,6,211000
1958,1958,8,2,1252,451,1052,2,668,1920,5,172500
2009,2008,9,2,2234,1166,2216,3,0,2234,9,501837
2006,1923,5,1,968,480,968,2,0,968,5,100000
2000,2000,5,2,769,440,756,2,756,1525,6,177000
1950,1920,9,1,901,216,793,1,901,1802,7,200100
2006,1957,7,1,1340,252,0,1,0,1340,5,120000
2003,2003,6,2,1362,484,1362,2,720,2082,7,200000
1991,1908,5,1,936,576,504,2,316,1252,5,127000
1993,1892,12,2,1518,840,1107,3,1518,3608,10,475000
1991,1990,6,2,1217,497,1188,2,0,1217,7,173000
1987,1916,8,2,808,180,660,1,704,1656,5,135000
1979,1979,6,0,1224,528,1086,2,0,1224,5,153337
2002,2001,5,1,1593,682,1593,2,0,1593,8,286000
1994,1932,10,2,1549,440,853,2,1178,2727,8,315000
2004,1972,7,1,725,484,725,2,754,1479,7,184000
1999,1999,6,2,1431,666,1431,2,0,1431,7,192000
2004,2004,7,2,970,380,970,2,739,1709,7,130000
1972,1972,5,1,864,352,864,1,0,864,5,127000
1976,1976,7,2,855,440,855,2,601,1456,6,148500
2007,2007,8,2,1726,786,1726,3,0,1726,7,311872
1990,1918,8,2,1360,795,1360,2,1360,3112,8,235000
1950,1912,8,1,929,0,755,0,929,2229,6,104000
2005,2004,7,2,1713,856,1713,3,0,1713,8,274900
2004,2003,5,2,1121,440,1121,2,0,1121,4,140000
1977,1977,6,2,1279,473,1196,2,0,1279,6,171500
1950,1924,6,2,865,398,617,1,445,1310,6,112000
2004,2004,3,1,848,420,848,2,0,848,6,149000
1950,1947,5,1,720,240,720,1,564,1284,5,110000
1990,1990,5,2,1442,500,1424,2,0,1442,7,180500
1962,1962,8,1,1696,349,1140,1,0,1696,5,143900
1960,1960,6,1,1100,312,1100,1,0,1100,4,141000
1989,1988,7,2,1180,454,1157,2,882,2062,7,277000
1964,1964,6,1,1092,504,1092,2,0,1092,6,145000
1950,1925,5,1,864,0,864,0,0,864,5,98000
2009,2009,6,2,1212,460,1212,2,0,1212,6,186000
2009,2009,7,2,932,644,900,2,920,1852,7,252678
1995,1995,5,1,990,576,990,2,0,990,5,156000
1977,1977,6,1,689,299,689,1,703,1392,6,161750
1996,1957,6,1,1236,447,1070,1,0,1236,5,134450
2004,2004,8,2,1436,484,1436,2,0,1436,7,210000
1950,1925,8,1,810,210,686,1,518,1328,4,107000
2006,1939,8,1,1137,431,798,2,817,1954,7,311500
2006,2005,5,2,1248,438,1248,2,0,1248,7,167240
2006,2006,5,2,1498,675,1498,2,0,1498,7,204900
2002,2002,8,2,1010,390,1010,2,1257,2267,6,200000
1975,1975,6,2,811,434,713,2,741,1552,6,179900
1971,1971,4,1,864,576,864,2,0,864,4,97000
2003,2003,8,2,2392,968,2392,3,0,2392,10,386250
1971,1971,6,2,630,280,630,1,672,1302,5,112000
1995,1995,9,2,1214,721,1203,3,1306,2520,7,290000
1970,1970,5,1,483,280,483,1,504,987,6,106000
1967,1967,5,1,912,336,912,1,0,912,5,125000
2006,2005,7,2,1555,430,1373,2,0,1555,7,192500
1959,1959,6,1,1194,312,1194,1,0,1194,6,148000
1996,1995,9,2,1490,810,1462,3,1304,2794,8,403000
1972,1972,5,1,483,288,483,1,504,987,6,94500
1976,1976,5,1,894,308,894,1,0,894,5,128200
2002,2002,8,2,860,440,860,2,1100,1960,6,216500
1971,1971,5,1,483,264,483,1,504,987,6,89500
2004,2004,6,2,1414,494,1414,2,0,1414,7,185500
2003,1993,7,2,1014,457,996,2,730,1744,7,194500
2007,2007,7,2,1694,818,1694,3,0,1694,8,318000
1950,1945,7,1,798,220,735,1,689,1487,6,113000
2008,2008,7,2,1566,750,1566,2,0,1566,8,262500
1997,1945,4,1,866,0,686,0,0,866,5,110500
1950,1900,6,1,889,352,540,1,551,1440,5,79000
1980,1980,6,1,626,288,626,1,591,1217,6,120000
2002,1994,8,2,1222,463,948,2,888,2110,7,205000
1988,1988,6,2,1872,604,1845,2,0,1872,7,241500
1950,1910,9,2,908,440,1020,1,1020,1928,6,137000
1954,1954,5,1,1375,451,1367,2,0,1375,6,140000
2003,2003,8,2,840,500,840,2,828,1668,7,180000
2006,1958,7,2,1444,389,1444,2,700,2144,6,277000
1966,1940,6,1,1306,0,728,0,0,1306,3,76500
2007,2006,5,2,1625,538,1573,2,0,1625,8,235000
2004,2004,6,2,798,520,798,2,842,1640,6,173000
1991,1964,7,2,1302,309,1302,1,0,1302,6,158000
1957,1957,5,1,1314,294,1314,1,0,1314,5,145000
1999,1999,8,2,1005,429,975,2,1286,2291,7,230000
2003,2003,7,2,864,673,864,2,864,1728,6,207500
2006,2006,8,2,1604,660,1604,2,0,1604,7,220000
2001,2001,7,2,963,564,963,2,829,1792,7,231500
1956,1956,4,1,882,308,0,1,0,882,5,97000
1962,1962,6,1,1382,884,1362,2,0,1382,6,176000
2007,2007,10,2,1482,868,1482,3,1092,2574,8,276000
1995,1977,6,1,1212,492,506,2,0,1212,6,151000
2001,1929,6,1,926,484,926,2,0,1316,5,130000
2004,1925,4,1,764,504,680,2,0,764,5,73000
1981,1981,7,2,1422,576,1422,2,0,1422,6,175500
1997,1997,8,2,802,413,802,2,709,1511,6,185000
1997,1939,8,2,1052,240,720,1,720,2192,5,179500
1955,1940,4,1,778,924,740,1,0,778,5,120500
1976,1976,6,1,1113,504,1143,1,0,1113,6,148000
2006,2006,8,2,1095,1053,1095,3,844,1939,8,266000
2005,1954,5,1,1363,439,1385,2,0,1363,7,241500
2007,1999,9,2,1164,671,1152,3,1106,2270,8,290000
1988,1958,6,2,1632,338,1240,1,0,1632,6,139000
1982,1982,5,1,816,264,816,1,0,816,5,124500
2007,1925,5,2,952,672,952,2,596,1548,7,205000
2003,2003,7,2,1560,573,1560,2,0,1560,7,201000
1951,1951,4,1,864,400,864,2,0,864,4,141000
2007,2006,8,2,2121,732,2121,3,0,2121,9,415298
1977,1977,8,2,1156,505,1160,2,866,2022,7,192000
1989,1989,7,2,1175,575,807,2,807,1982,7,228500
2006,2006,5,2,1262,572,1262,2,0,1262,6,185000
2008,2007,6,2,1314,626,1314,2,0,1314,7,207500
2009,2008,6,2,1468,898,1468,3,0,1468,8,244600
1992,1992,5,2,1575,529,1575,2,0,1575,6,179200
2007,2006,5,2,625,528,625,2,625,1250,7,164700
1981,1962,7,1,1085,440,912,2,649,1734,6,159000
1971,1971,5,1,858,0,858,0,0,858,4,88000
1967,1967,5,1,900,280,882,1,0,900,5,122000
2003,1915,7,1,698,384,698,1,698,1396,6,153575
2006,2006,8,2,1079,685,1079,2,840,1919,8,233230
2000,1912,9,2,936,0,780,0,780,1716,5,135900
2008,1949,8,1,1148,281,768,1,568,1716,5,131000
1994,1977,9,2,1468,539,795,2,795,2263,7,235000
1953,1953,7,1,1644,418,1416,2,0,1644,6,167000
1984,1984,6,1,1003,588,1003,2,0,1003,6,142500
1950,1950,6,1,910,282,910,1,648,1558,5,152000
1998,1997,7,2,975,576,975,2,975,1950,7,239000
1968,1968,7,1,1041,539,702,2,702,1743,6,175000
2004,1950,6,1,1152,300,1092,1,0,1152,6,158500
1953,1953,5,1,1336,375,1165,1,0,1336,5,157000
1999,1998,9,2,1210,683,1028,2,1242,2452,8,267000
2002,2001,6,2,1541,843,1541,3,0,1541,7,205000
1972,1972,5,1,894,552,894,2,0,894,5,149900
2002,1880,10,3,1675,870,1470,3,1818,3493,7,295000
2005,2004,8,2,2000,888,2000,3,0,2000,8,305900
1991,1990,8,2,1122,746,700,3,1121,2243,7,225000
1950,1920,6,1,1035,0,319,0,371,1406,6,89500
1950,1940,4,1,861,539,861,2,0,861,4,82500
2004,2003,8,2,1944,708,1896,3,0,1944,9,360000
1994,1993,6,2,697,420,697,2,804,1501,6,165600
2002,1948,5,1,972,240,972,1,0,972,6,132000
1950,1939,5,1,793,410,793,2,325,1118,5,119900
1965,1965,8,2,2036,513,2136,2,0,2036,7,375000
1990,1925,6,1,832,546,728,2,809,1641,7,178000
2005,2004,6,2,716,432,716,2,716,1432,7,188500
1980,1980,10,2,1153,484,845,2,1200,2353,7,260000
2006,2006,8,2,1088,1025,1088,3,871,1959,8,270000
1993,1993,9,2,1372,656,1347,3,1274,2646,7,260000
1980,1980,6,2,1472,588,1372,2,0,1472,7,187500
2006,2006,9,3,1249,840,1249,3,1347,2596,9,342643
2004,2004,10,2,1136,872,1136,3,1332,2468,8,354000
1987,1986,8,2,1553,576,1502,2,1177,2730,7,301000
2005,1955,6,1,1163,220,1162,1,0,1163,3,126175
2007,1967,11,2,1898,564,710,2,1080,2978,7,242000
1950,1941,5,1,803,360,720,2,0,803,5,87000
1993,1993,6,1,1719,473,1719,2,0,1719,8,324000
1960,1960,7,1,1383,292,1383,1,0,1383,6,145250
1994,1916,10,2,1445,441,844,2,689,2134,6,214500
1950,1920,6,1,596,189,596,1,596,1192,5,78000
1964,1964,10,2,1728,352,1728,1,0,1728,5,119000
1992,1958,6,1,1056,308,1056,1,0,1056,5,139000
2004,2003,7,2,1629,880,3206,3,0,1629,8,284000
2004,2004,6,2,1358,484,1358,2,0,1358,7,207000
1998,1998,7,2,943,472,943,2,695,1638,6,192000
1965,1965,7,2,1619,529,1499,2,167,1786,5,228950
2006,2005,8,2,1922,676,1922,3,0,1922,9,377426
2003,2002,7,2,1536,532,1536,2,0,1536,7,214000
1998,1984,8,2,1621,440,1208,2,0,1621,7,202500
1998,1958,6,1,1215,297,1215,1,0,1215,6,155000
2002,2002,9,2,993,431,967,2,915,1908,8,202900
1950,1950,4,1,841,294,721,1,0,841,4,82000
1950,1949,6,2,1040,400,0,2,0,1040,3,87500
2005,2005,6,2,1684,564,1684,2,0,1684,9,266000
1976,1976,4,1,536,336,536,1,576,1112,5,85000
1950,1939,6,1,972,312,972,1,605,1577,6,140200
1998,1960,5,1,958,301,958,1,0,958,6,151500
1960,1960,6,2,1478,498,1478,2,0,1478,6,157500
2004,2003,6,2,764,474,764,2,862,1626,7,154000
2006,2005,10,2,1848,706,1848,3,880,2728,9,437154
2007,2007,6,2,1869,617,1869,2,0,1869,9,318061
1986,1986,6,1,1453,445,1453,2,0,1453,7,190000
1950,1941,5,1,616,200,616,1,495,1111,5,95000
2003,1928,5,1,720,484,624,2,0,720,6,105900
2000,1940,6,1,1192,240,940,1,403,1595,6,140000
1995,1995,6,2,1200,521,1200,2,0,1200,6,177500
1992,1992,6,2,1167,400,1158,2,0,1167,6,173000
1976,1976,6,1,1142,528,1142,2,0,1142,5,134000
1958,1958,6,1,1352,288,1062,1,0,1352,5,130000
1998,1998,7,2,1086,592,1086,2,838,1924,8,280000
1978,1978,5,1,912,470,888,2,0,912,6,156000
1982,1940,8,1,988,240,883,1,517,1505,5,145000
2003,2003,7,3,495,672,0,2,1427,1922,7,198500
2007,1972,5,1,483,264,483,1,504,987,6,118000
1976,1976,6,2,790,566,796,2,784,1574,6,190000
1997,1920,6,1,672,468,672,1,672,1344,5,147000
1963,1963,6,1,1394,514,1394,2,0,1394,6,159000
1962,1962,6,1,1431,296,1099,1,0,1431,6,165000
1954,1954,7,1,1268,244,1268,1,0,1268,5,132000
2006,1959,7,1,1287,576,1063,2,0,1287,5,162000
2000,2000,7,2,953,460,953,2,711,1664,6,172400
1959,1959,7,2,1120,680,0,2,468,1588,4,134432
1984,1984,4,1,752,264,744,1,0,752,6,125000
1953,1953,5,1,1319,270,608,1,0,1319,5,123000
2004,2003,8,2,847,434,847,2,1081,1928,7,219500
1950,1922,4,0,904,0,683,0,0,904,1,61000
1996,1996,5,1,914,576,870,2,0,914,5,148000
2005,2004,8,3,1580,610,1580,2,886,2466,8,340000
2010,2010,8,1,1856,834,1856,3,0,1856,9,394432
2000,2000,7,2,1007,463,982,2,793,1800,6,179000
1950,1924,6,2,1026,308,1026,1,665,1691,5,127000
2006,2006,5,2,1301,572,1293,2,0,1301,7,187750
2006,2006,8,2,939,639,939,2,858,1797,7,213500
1950,1928,5,1,784,360,784,2,0,784,6,76000
1992,1992,9,2,1079,501,1580,2,874,1953,6,240000
2005,2004,6,2,1269,430,1256,2,0,1269,8,192000
1996,1910,8,1,658,0,658,0,526,1184,5,81000
1976,1976,6,1,1125,352,1041,1,0,1125,6,125000
2000,1999,6,2,1479,577,1468,2,0,1479,7,191000
2008,2007,9,2,1742,846,1682,3,590,2332,10,426000
1950,1900,7,1,961,384,861,1,406,1367,5,119000
2002,2001,7,2,804,560,804,2,1157,1961,6,215000
1959,1959,5,1,882,294,0,1,0,882,5,106500
1950,1941,4,1,788,0,788,0,0,788,4,100000
1950,1940,5,1,735,240,735,1,299,1034,5,109000
1956,1956,6,1,1144,596,1144,1,0,1144,5,129000
1972,1972,6,1,894,600,894,2,0,894,5,123000
1962,1962,8,2,876,264,864,1,936,1812,5,169500
1950,1920,6,1,1077,338,961,1,0,1077,5,67000
2007,2006,7,2,1112,438,1092,2,438,1550,7,241000
1996,1996,4,1,1288,500,1260,2,0,1288,8,245500
2005,2005,6,2,1310,400,1310,2,0,1310,7,164990
1997,1940,4,1,672,240,672,1,0,672,5,108000
1998,1998,10,2,1165,420,1141,2,1098,2263,8,258000
1996,1995,7,2,806,373,806,2,766,1572,6,168000
1993,1976,8,2,1620,490,1281,2,0,1620,4,150000
1950,1936,6,1,1166,240,1064,1,0,1639,6,115000
1976,1915,8,2,840,308,840,1,840,1680,6,177000
2006,2006,9,2,1071,947,1063,3,1101,2172,7,280000
2008,2007,8,2,1050,836,1034,3,1028,2078,8,339750
1958,1958,5,1,1276,350,1276,1,0,1276,5,60000
1955,1955,5,1,1056,572,1056,2,0,1056,5,145000
2009,2009,7,2,1478,484,1470,2,0,1478,7,222000
1950,1927,5,1,1028,360,1008,2,0,1028,5,115000
1993,1993,9,2,1080,678,1080,3,1017,2097,7,228000
2007,2007,6,2,1340,396,1340,2,0,1340,7,181134
1978,1978,6,1,672,440,672,2,728,1400,6,149500
1950,1918,10,2,1370,864,1370,3,1254,2624,6,239000
1950,1940,7,1,756,240,756,1,378,1134,5,126000
1968,1968,6,1,1056,304,1056,1,0,1056,5,142000
1998,1997,8,2,1344,784,1344,4,0,1344,7,206300
2000,1977,8,2,1602,529,1602,2,0,1602,6,215000
1954,1954,4,1,988,520,988,2,0,988,5,113000
1998,1998,8,2,1470,696,1470,3,1160,2630,8,315000
1956,1956,6,1,1196,297,1196,1,0,1196,6,139000
1992,1946,6,1,707,240,651,1,682,1389,7,135000
1989,1989,5,2,1644,569,1518,2,0,1644,7,275000
1957,1957,5,1,907,352,907,1,0,907,4,109008
2007,2007,6,2,1208,628,1208,2,0,1208,7,195400
1988,1988,6,2,1412,576,1392,2,0,1412,6,175000
1971,1971,4,1,483,264,483,1,504,987,6,85400
1998,1920,7,1,1088,0,901,0,110,1198,6,79900
1971,1971,6,1,765,440,765,2,600,1365,5,122500
1998,1997,7,2,926,470,926,2,678,1604,6,181000
1972,1972,3,1,630,0,630,0,0,630,4,81000
1996,1996,6,2,827,550,799,2,834,1661,7,212000
1950,1920,6,1,734,440,648,2,384,1118,6,116000
2004,1926,4,1,904,180,884,1,0,904,6,119000
2002,1913,4,1,694,352,440,1,0,694,5,90350
2000,1920,7,1,684,528,684,2,512,1196,6,110000
2008,2008,10,2,2402,672,3094,3,0,2402,10,555000
1955,1955,8,2,1440,0,1440,0,0,1440,4,118000
1992,1930,8,2,1128,360,1078,2,445,1573,5,162900
2007,2006,6,2,1258,648,1258,3,0,1258,7,172500
1995,1994,8,2,933,493,915,2,975,1908,7,210000
1956,1956,7,1,1689,480,1436,2,0,1689,6,127500
2002,1966,6,2,1888,578,1517,2,0,1888,6,190000
1999,1998,10,2,956,431,930,2,930,1886,7,199900
1950,1937,7,2,780,198,780,1,596,1376,6,119500
2002,1948,6,1,679,308,649,1,504,1183,3,120000
2005,1930,5,1,813,270,813,1,0,813,6,110000
1975,1975,5,2,1533,576,1533,2,0,1533,7,280000
1997,1996,7,2,888,422,872,2,868,1756,6,204000
2008,2008,6,2,786,676,768,2,804,1590,8,210000
1976,1976,8,2,1728,560,1728,2,0,1728,5,188000
1973,1973,6,1,1242,528,1242,2,0,1242,7,175500
1950,1916,7,1,624,513,624,3,720,1344,5,98000
1994,1954,6,1,1663,529,1364,2,0,1663,4,256000
1996,1925,7,1,833,228,588,1,833,1666,8,161000
1950,1950,5,1,979,352,709,1,224,1203,5,110000
2009,2009,8,2,832,552,832,2,1103,1935,8,263435
2007,1936,6,1,575,576,560,2,560,1135,7,155000
1965,1965,5,1,864,360,864,1,0,864,5,62383
1995,1934,6,1,849,240,715,1,811,1660,6,188700
1978,1978,5,2,1040,0,1040,0,0,1040,5,124000
2004,2004,6,2,1414,398,1375,2,0,1414,7,178740
1970,1970,5,1,1277,526,1277,2,0,1277,7,167000
1995,1942,7,1,888,312,728,1,756,1644,5,146500
2006,2006,7,2,1634,866,1626,3,0,1634,8,250000
1993,1993,7,2,832,506,832,2,878,1710,6,187000
1985,1985,4,1,1502,528,1488,2,0,1502,8,212000
1977,1977,8,2,1161,534,808,2,808,1969,7,190000
2005,2005,5,1,1072,525,547,2,0,1072,6,148000
2007,2006,7,2,1976,908,1976,3,0,1976,8,440000
2000,2000,6,2,1652,499,1494,2,0,1652,8,251000
1963,1963,5,1,970,624,970,2,0,970,5,132500
1998,1997,7,2,1493,508,1478,2,0,1493,6,208900
2006,2006,9,2,2069,694,2153,3,574,2643,9,380000
2008,2007,7,2,1718,826,1705,3,0,1718,8,297000
2000,1937,7,1,1131,672,907,2,0,1131,4,89471
2005,2004,8,2,1850,772,1833,3,0,1850,9,326000
2004,2003,6,2,1792,874,1792,3,0,1792,9,374000
2005,1915,7,1,916,164,910,1,910,1826,7,155000
1998,1998,5,2,1216,402,1216,2,0,1216,6,164000
2001,1962,6,1,999,264,999,1,0,999,5,132500
2007,1950,5,1,1113,264,1113,1,0,1113,5,147000
1965,1965,6,1,1073,515,1073,2,0,1073,5,156000
1971,1971,7,2,1484,487,1484,2,0,1484,5,175000
1970,1900,10,2,1766,520,954,2,648,2414,5,160000
2002,1970,3,1,630,286,630,1,0,630,4,86000
1976,1976,4,1,616,336,264,1,688,1304,5,115000
1950,1941,5,1,958,240,806,1,620,1578,6,133000
2006,2006,8,2,728,429,728,2,728,1456,6,172785
1960,1960,6,1,1269,308,1269,1,0,1269,5,155000
1996,1938,4,1,886,273,190,1,0,886,5,91300
1950,1920,4,1,720,0,720,0,0,720,4,34900
1993,1992,10,3,3228,546,3200,2,0,3228,8,430000
1950,1925,8,2,1133,240,1026,1,687,1820,7,184000
2004,1967,5,1,899,288,864,1,0,899,5,130000
1985,1958,5,1,912,297,912,1,0,912,5,120000
1973,1973,7,1,672,264,672,1,546,1218,6,113000
2005,2005,7,2,866,603,866,2,902,1768,7,226700
1965,1965,6,1,1214,461,1214,2,0,1214,5,140000
1997,1959,6,2,1801,484,1501,2,0,1801,7,289000
1974,1974,6,2,855,440,855,2,467,1322,6,147000
1952,1952,10,2,960,400,960,2,1000,1960,5,124500
1994,1993,8,2,1065,471,777,2,846,1911,8,215000
2009,2009,4,2,1218,676,1218,2,0,1218,6,208300
2005,1928,7,2,689,360,689,2,689,1378,7,161000
1959,1959,6,1,1041,270,1041,1,0,1041,5,124500
2000,1951,6,1,1363,288,1008,1,0,1363,5,164900
2006,2005,6,2,1368,474,1368,2,0,1368,7,202665
1958,1958,5,1,864,624,864,2,0,864,5,129900
1983,1983,5,1,1080,484,1084,2,0,1080,6,134000
1950,1926,5,1,789,200,768,1,0,789,5,96500
2009,2009,9,2,2020,900,2006,3,0,2020,10,402861
1972,1972,7,2,1378,583,689,2,741,2119,6,158000
1997,1996,7,2,1277,889,1264,3,1067,2344,7,265000
1998,1998,7,2,882,546,794,2,914,1796,6,211000
2004,1926,9,1,1276,282,1276,1,804,2080,7,234000
2000,1900,7,2,694,0,0,0,600,1294,4,106250
1957,1957,6,1,1244,336,1244,1,0,1244,6,150000
1950,1947,7,2,1004,420,1004,2,660,1664,6,159000
2008,2007,11,3,3138,884,3138,3,1538,4676,10,184750
1997,1996,8,2,1383,834,1379,3,1015,2398,7,315750
2005,2005,6,2,1266,453,1257,2,0,1266,7,176000
2000,1956,4,1,928,252,928,1,0,928,5,132000
2008,2008,11,2,1476,858,1452,3,1237,2713,9,446261
2002,1920,5,1,605,0,528,0,0,605,4,86000
1975,1957,9,3,2515,484,2035,2,0,2515,6,200624
1989,1988,5,2,1509,600,1461,2,0,1509,6,175000
1999,1920,6,2,751,502,611,2,611,1362,6,128000
2007,1955,5,1,827,392,0,1,0,827,5,107500
1950,1946,2,1,334,0,0,0,0,334,1,39300
2004,2004,6,2,707,403,707,2,707,1414,8,178000
1991,1910,5,1,820,0,1117,0,527,1347,5,107500
1999,1998,8,2,880,527,880,2,844,1724,7,188000
1972,1972,5,1,864,576,864,2,0,864,4,111250
1968,1968,7,1,1159,336,1051,1,0,1159,5,158000
2002,2001,6,2,1601,670,1581,2,0,1601,8,272000
2006,2006,8,2,1838,765,1838,3,0,1838,9,315000
2000,2000,8,2,997,648,969,3,1288,2285,8,248000
1999,1998,7,2,1680,583,1650,2,0,1680,7,213250
1998,1998,4,1,767,367,723,1,0,767,7,133000
2006,2006,7,2,664,426,654,2,832,1496,7,179665
1988,1988,9,2,1377,786,1204,3,806,2183,7,229000
1950,1923,6,1,915,440,1065,2,720,1635,6,210000
1970,1970,5,1,768,624,768,2,0,768,5,129500
1995,1955,4,1,825,720,825,2,0,825,5,125000
2004,2003,8,2,912,615,912,2,1182,2094,7,263000
1977,1977,4,2,1069,440,1069,2,0,1069,6,140000
1957,1957,5,1,928,288,928,1,0,928,5,112500
2006,2006,7,2,1717,908,1709,3,0,1717,8,255500
2003,1949,5,2,1126,520,0,2,0,1126,4,108000
2004,2003,8,2,1006,871,998,3,1040,2046,7,284000
1950,1922,5,1,1048,280,993,1,0,1048,5,113000
1957,1957,6,1,1092,299,1092,1,0,1092,5,141000
1950,1920,7,1,897,570,637,1,439,1336,4,108000
1997,1996,6,2,729,406,729,2,717,1446,7,175000
2004,2003,7,2,1557,420,1374,2,0,1557,7,234000
1996,1957,5,1,1392,528,1392,2,0,1392,5,121500
1975,1974,6,1,1389,418,1389,2,0,1389,5,170000
1969,1940,6,1,996,0,996,0,0,996,5,108000
1950,1918,8,2,1163,396,1163,2,511,1674,6,185000
2000,1992,9,2,1166,590,1095,2,1129,2295,7,268000
1950,1915,6,1,841,216,806,1,806,1647,6,128000
2007,2005,11,2,1134,656,1122,3,1370,2504,9,325000
2004,2004,7,2,1535,532,1517,2,0,1535,7,214000
2009,1983,5,1,1496,612,1496,2,636,2132,8,316600
1979,1979,4,1,943,600,943,2,0,943,5,135960
1965,1965,10,2,1728,576,1728,2,0,1728,5,142600
1959,1959,4,1,864,288,864,1,0,864,6,120000
2009,2009,6,2,846,650,846,2,846,1692,7,224500
2000,2000,8,2,774,400,384,2,656,1430,7,170000
2005,1971,5,1,576,288,372,1,533,1109,5,139000
1950,1947,6,1,832,336,832,1,384,1216,5,118500
1950,1928,6,2,877,216,861,1,600,1477,7,145000
1966,1966,6,1,1320,564,1164,2,0,1320,5,164500
2007,2007,5,2,703,540,689,2,689,1392,7,146000
1954,1954,7,2,1050,352,1050,1,745,1795,5,131500
1987,1960,7,1,1429,572,1144,2,0,1429,6,181900
2009,2008,8,2,2042,1390,2042,3,0,2042,8,253293
1990,1990,5,1,816,0,816,0,0,816,6,118500
2000,1893,9,3,1521,880,1237,2,1254,2775,10,325000
1995,1935,6,1,989,240,884,1,584,1573,4,133000
2006,2005,7,2,2028,880,1868,3,0,2028,8,369900
2000,1918,5,1,838,275,816,1,0,838,6,130000
1982,1982,4,1,860,528,840,2,0,860,5,137000
2003,1968,5,1,1473,452,1437,1,0,1473,5,143000
1960,1930,4,1,779,308,742,1,0,935,5,79500
2004,2004,6,2,770,520,770,2,812,1582,7,185900
2008,2008,10,2,1728,842,1722,3,568,2296,10,451950
2003,1982,4,1,816,816,816,2,0,816,5,138000
2003,2003,4,1,848,420,848,2,0,848,6,140000
1975,1975,5,1,924,280,924,1,0,924,5,110000
2006,2005,7,2,1826,758,1814,3,0,1826,8,319000
1993,1910,7,1,684,216,684,1,684,1368,6,114504
2007,2006,7,0,1402,648,1258,3,0,1402,7,194201
1977,1977,7,2,1647,621,1430,2,0,1647,5,217500
1980,1980,6,2,716,452,716,2,840,1556,6,151000
2005,2005,8,2,1058,736,1058,2,846,1904,8,275000
1950,1937,6,1,780,544,780,1,595,1375,6,141000
1992,1992,8,2,927,506,908,2,988,1915,8,220000
2005,2004,4,2,600,480,600,2,600,1200,7,151000
2002,2002,6,2,1494,530,1494,2,0,1494,7,221000
1990,1965,7,2,1186,486,768,2,800,1986,7,205000
1996,1996,6,1,1040,576,1040,2,0,1040,5,152000
2002,1948,8,3,1112,230,896,1,896,2008,5,225000
1998,1934,10,2,1940,380,965,2,1254,3194,8,359100
1961,1961,5,1,1029,261,1029,1,0,1029,4,118500
2000,2000,8,2,1476,736,1440,3,677,2153,9,313000
1978,1978,6,2,1032,564,1032,2,0,1032,6,148000
2001,2001,7,2,1299,531,1299,2,573,1872,8,261500
2007,2007,6,1,1120,0,1120,0,0,1120,5,147000
1972,1972,3,1,630,0,630,0,0,630,4,75500
1963,1963,6,1,1054,480,936,2,0,1054,6,137500
2003,2002,7,2,807,393,783,2,702,1509,6,183200
1954,1954,4,1,832,528,832,2,0,832,6,105500
2007,2007,9,2,1828,774,1822,3,0,1828,9,314813
2003,2003,10,2,1482,749,1482,3,780,2262,8,305000
1950,1914,5,1,864,0,864,0,0,864,3,67000
1997,1974,9,2,1548,624,1522,2,1066,2614,6,240000
1977,1977,6,1,980,484,980,2,0,980,5,135000
2000,2000,4,2,756,440,756,2,756,1512,6,168500
1972,1972,8,1,1012,484,732,2,778,1790,6,165150
1962,1962,5,1,1116,440,1116,2,0,1116,6,160000
1978,1960,6,1,1422,286,978,1,0,1422,5,139900
1972,1955,7,1,1520,364,1156,1,0,1520,6,153000
1969,1969,9,1,1040,504,1040,2,1040,2080,5,135000
1964,1964,6,1,1350,520,1248,2,0,1350,6,168500
1991,1880,8,1,1089,240,636,1,661,1750,5,124000
2006,2006,6,2,1554,627,1554,2,0,1554,8,209500
1977,1977,6,2,1411,544,1386,2,0,1411,7,82500
2005,1954,6,1,1056,260,1056,1,0,1056,5,139400
1980,1980,4,0,1056,576,1056,2,0,1056,6,144000
1995,1914,14,2,1440,0,1440,0,1440,3395,6,200000
1950,1936,4,1,800,0,264,0,0,800,2,60000
1954,1954,7,2,811,256,811,1,576,1387,5,93000
1950,1910,4,1,796,0,796,0,0,796,5,85000
2006,2006,7,2,1567,648,1520,3,0,1567,8,264561
2004,2003,6,1,1518,588,1518,2,0,1518,8,274000
2001,2001,7,2,1057,650,1057,2,872,1929,7,226000
1995,1972,9,2,2000,538,1952,2,704,2704,8,345000
1969,1969,7,2,780,462,780,2,840,1620,5,152000
2009,2009,7,2,1766,478,1766,3,0,1766,9,370878
1971,1971,5,1,981,576,981,2,0,981,6,143250
1950,1950,7,1,1048,420,0,2,0,1048,5,98300
1953,1953,5,1,1094,495,1094,2,0,1094,6,155000
1966,1966,7,1,1051,442,756,2,788,1839,6,155000
1970,1970,3,1,630,0,630,0,0,630,4,84500
2007,2007,7,2,822,562,813,2,843,1665,7,205950
1950,1940,7,1,755,296,755,1,755,1510,4,108000
1996,1996,7,2,909,512,880,2,807,1716,7,191000
1995,1906,7,1,756,216,756,1,713,1469,6,135000
1995,1995,7,2,2113,839,2109,3,0,2113,8,350000
1971,1971,6,1,525,264,525,1,567,1092,6,88000
2006,1959,5,1,1053,312,1053,1,0,1053,5,145500
2000,1931,6,1,851,270,776,1,651,1502,7,149000
1950,1948,6,1,912,330,912,1,546,1458,6,97500
1999,1964,7,1,1486,480,1486,2,0,1486,5,167000
1976,1976,7,2,1142,550,793,2,793,1935,7,197900
2005,1994,8,2,1686,711,1629,3,762,2448,8,402000
1968,1968,5,1,1392,576,1392,2,0,1392,6,110000
1972,1972,6,2,1181,588,1138,2,0,1181,4,137500
2006,2005,8,1,2097,1134,2077,3,0,2097,8,423000
2000,2000,7,2,1454,504,1406,2,482,1936,8,230500
1979,1965,7,2,1465,596,1021,2,915,2380,6,129000
1998,1994,7,2,1679,575,1408,2,0,1679,6,193500
1987,1956,6,1,1437,576,1188,2,0,1437,5,168000
1950,1922,5,1,1180,252,700,1,0,1180,4,137500
2005,2005,7,2,738,540,738,2,738,1476,6,173500
1950,1925,6,2,697,300,672,1,672,1369,6,103600
1977,1977,6,1,1208,546,1208,2,0,1208,6,165000
2004,1957,7,2,1839,416,1477,2,0,1839,6,257500
1965,1965,5,1,1136,384,1136,1,0,1136,6,140000
1978,1978,7,2,855,440,855,2,586,1441,6,148500
1950,1900,8,2,1095,779,1095,3,679,1774,4,87000
2006,1924,5,1,792,240,768,1,0,792,5,109500
2008,2008,7,2,2046,834,2046,3,0,2046,8,372500
1961,1961,5,1,988,572,988,2,0,988,5,128500
1980,1980,5,2,923,264,923,1,0,923,6,143000
2000,1932,6,1,848,281,793,1,672,1520,5,159434
1997,1996,6,1,1291,431,1291,2,0,1291,6,173000
2002,2002,7,2,1668,702,1626,3,0,1668,9,285000
1998,1998,7,2,1195,486,1195,2,644,1839,7,221000
1984,1984,6,2,1190,577,1190,2,900,2090,7,207500
2007,2007,7,3,874,578,874,2,887,1761,7,227875
2004,2004,4,2,551,480,551,2,551,1102,7,148800
2007,2007,7,2,1419,567,1419,2,0,1419,8,392000
2006,2005,6,2,1362,460,1362,2,0,1362,6,194700
2004,2004,3,1,848,420,848,2,0,848,6,141000
1995,1994,10,3,2444,832,2444,3,1872,4316,10,755000
1990,1989,9,2,1238,628,1210,2,1281,2519,7,335000
1968,1921,4,1,1073,326,1073,1,0,1073,5,108480
1950,1936,5,1,1067,576,927,2,472,1539,5,141500
1987,1987,5,2,1137,551,1112,2,0,1137,6,176000
1950,1921,4,1,616,205,616,1,0,616,5,89000
1952,1952,6,1,1148,308,980,1,0,1148,5,123500
2009,1965,5,1,894,336,894,1,0,894,5,138500
2004,2004,5,2,1391,530,1391,2,0,1391,7,196000
2002,2002,7,2,1800,765,1800,3,0,1800,8,312500
1969,1969,6,1,1164,528,1164,2,0,1164,7,140000
2006,2006,10,2,1264,666,1234,3,1312,2576,8,361919
1996,1900,8,2,1032,672,360,2,780,1812,5,140000
2005,2004,7,2,1484,606,1473,2,0,1484,7,213000
1950,1930,7,2,372,0,0,0,720,1092,4,55000
2002,1971,5,2,1824,739,1643,2,0,1824,7,302000
2006,2006,6,2,1324,550,1324,2,0,1324,8,254000
2007,2007,8,2,728,400,728,2,728,1456,7,179540
1966,1966,6,1,904,408,876,1,0,904,5,109900
2003,1935,5,1,729,0,270,0,0,729,3,52000
1950,1900,7,1,859,384,859,1,319,1178,4,102776
1989,1988,5,2,1228,472,1228,2,0,1228,8,189000
1970,1970,6,1,960,576,960,2,0,960,4,129000
2005,1976,6,2,725,475,725,2,754,1479,6,130500
1974,1974,7,2,1350,478,1064,2,0,1350,6,165000
1998,1890,8,1,1576,704,718,2,978,2554,7,159500
2000,1973,5,1,1178,439,1176,2,0,1178,5,157000
1994,1993,9,2,1325,983,1311,3,1093,2418,7,341000
1969,1969,5,1,971,300,971,1,0,971,5,128500
1985,1985,5,2,1742,564,1742,2,0,1742,8,275000
2004,2004,3,1,848,420,848,2,0,848,6,143000
1970,1970,5,1,864,463,864,2,0,864,4,124500
1972,1954,7,2,997,548,941,1,473,1470,4,135000
2008,2007,8,2,1698,768,1698,3,0,1698,9,320000
1970,1970,5,1,864,660,864,2,0,864,4,120500
2007,1988,5,2,1680,540,880,2,0,1680,6,222000
2007,2007,6,2,1232,632,1232,2,0,1232,7,194500
1958,1958,9,2,1776,888,1584,3,0,1776,5,110000
1950,1925,5,1,848,539,780,2,0,1208,4,103000
1996,1995,5,2,1616,608,1595,2,0,1616,8,236500
2003,2003,6,2,1146,438,868,2,0,1146,7,187500
1999,1998,8,2,1153,541,1153,2,878,2031,7,222500
1983,1961,6,1,1144,264,864,1,0,1144,5,131400
1968,1968,6,1,948,300,948,1,0,948,5,108000
1970,1914,6,1,880,320,880,2,888,1768,7,163000
1950,1950,6,2,1040,400,0,2,0,1040,3,93500
2005,2005,8,2,901,800,893,3,900,1801,8,239900
1988,1987,5,3,1200,0,1200,0,0,1200,5,179000
2004,2004,7,2,864,572,864,2,864,1728,7,190000
2002,1910,7,2,768,360,264,2,664,1432,5,132000
1996,1961,5,1,912,288,912,1,0,912,6,142000
2001,2000,6,2,1349,539,1349,2,0,1349,7,179000
1999,1963,6,2,1464,480,520,2,0,1464,5,175000
1993,1993,5,2,1337,462,1337,2,0,1337,8,180000
1996,1976,11,3,1175,831,1142,2,1540,2715,8,299800
2000,2000,8,2,980,554,952,2,1276,2256,7,236000
2003,1880,8,1,1320,864,1240,4,1320,2640,7,265979
1996,1996,7,2,1720,527,1720,2,0,1720,7,260400
1950,1945,9,2,1088,240,0,1,441,1529,4,98000
2004,1910,7,1,792,0,576,0,348,1140,4,96500
2003,2003,6,2,660,400,660,2,660,1320,7,162000
1997,1997,6,2,1494,576,1479,2,0,1494,6,217000
2005,2005,8,2,1038,878,1030,3,1060,2098,8,275500
2005,1969,5,1,1026,440,1026,2,0,1026,6,156000
1999,1999,6,2,742,440,729,2,729,1471,6,172500
2007,2007,7,2,866,578,866,2,902,1768,8,212000
1978,1978,6,2,672,440,672,2,714,1386,6,158900
1999,1999,6,2,757,440,744,2,744,1501,7,179400
1995,1995,9,2,1328,752,1318,3,1203,2531,8,290000
1959,1959,5,1,864,300,864,1,0,864,6,127500
1950,1924,5,1,1301,440,1145,2,0,1301,5,100000
2009,2009,7,2,764,614,756,2,783,1547,7,215200
1999,1999,8,2,1268,856,1252,3,1097,2365,8,337000
1996,1995,6,1,1494,481,1494,2,0,1494,8,270000
2008,2008,6,2,1506,592,1498,2,0,1506,9,264132
1988,1988,7,2,980,496,980,2,734,1714,7,196500
1985,1940,7,2,983,423,983,1,767,1750,6,160000
2005,2004,8,2,1836,484,1860,2,0,1836,7,216837
2003,2003,12,3,1690,841,1650,3,1589,3279,8,538000
1982,1982,5,1,858,576,858,2,0,858,5,134900
1951,1951,6,1,1220,396,836,2,0,1220,4,102000
1976,1976,6,1,1117,672,1029,2,0,1117,6,107000
1958,1958,5,1,912,275,912,1,0,912,5,114500
2006,2006,9,2,1973,895,1935,3,0,1973,8,395000
1998,1998,5,2,1204,412,1204,2,0,1204,6,162000
2006,2005,7,2,1614,865,1614,3,0,1614,7,221500
1974,1974,5,1,894,440,864,2,0,894,5,142500
1977,1977,10,2,2020,630,0,2,0,2020,5,144000
1977,1977,4,1,1004,504,975,2,0,1004,6,135000
1996,1995,6,2,1253,402,1237,2,0,1253,7,176000
1992,1992,7,2,810,484,761,2,793,1603,6,175900
2002,2001,6,2,1430,605,1413,2,0,1430,7,187100
1978,1978,4,1,1110,602,1097,2,0,1110,5,165500
2001,1914,9,2,742,0,742,0,742,1484,6,128000
1967,1967,7,2,1342,457,1372,2,0,1342,6,161500
1950,1915,7,2,966,416,686,1,686,1652,5,139000
2004,2004,8,2,956,618,956,2,1128,2084,7,233000
2000,1954,4,1,901,281,901,1,0,901,4,107900
2007,1966,9,2,976,444,832,2,1111,2087,6,187500
2006,2005,5,2,1145,397,1145,2,0,1145,7,160200
1976,1976,5,1,1062,539,1029,2,0,1062,6,146800
1997,1996,8,2,1127,455,1117,2,886,2013,7,269790
2007,2007,7,2,1496,474,1496,2,0,1496,8,225000
1996,1994,7,2,1086,409,712,2,809,1895,7,194500
1981,1980,7,2,888,476,650,2,676,1564,6,171000
1977,1977,7,1,1285,528,660,2,0,1285,6,143500
1953,1953,4,1,773,240,773,1,0,773,5,110000
2009,2008,11,3,1966,820,1926,3,1174,3140,9,485000
1950,1937,7,1,981,240,731,1,787,1768,5,175000
1997,1997,8,2,616,603,616,2,1072,1688,6,200000
1990,1916,5,1,1196,440,1196,2,0,1196,4,109900
2005,2005,7,2,728,410,728,2,728,1456,7,189000
2009,2008,12,3,1734,1020,1734,3,1088,2822,9,582933
1954,1954,5,1,1128,286,936,1,0,1128,5,118000
2008,2008,6,2,1428,554,1417,2,0,1428,7,227680
1967,1967,6,2,980,384,980,1,0,980,5,135500
2004,1923,6,1,1072,528,1324,2,504,1576,5,223500
1966,1966,6,1,1086,484,1024,2,0,1086,5,159950
1965,1898,11,2,1075,360,849,2,1063,2138,5,106000
1999,1974,5,1,1309,484,1040,2,0,1309,6,181000
2004,2004,4,1,848,420,848,2,0,848,6,144500
1952,1952,4,1,1044,504,540,2,0,1044,5,55993
1958,1958,7,1,1442,301,1442,1,0,1442,6,157900
1950,1918,7,1,686,280,686,1,564,1250,5,116000
1998,1998,6,2,1661,598,1649,2,0,1661,7,224900
1954,1954,4,1,1008,275,1008,1,0,1008,5,137000
2002,2002,7,2,1689,857,1568,3,0,1689,8,271000
1971,1971,6,1,1052,440,1010,2,0,1052,6,155000
2010,2009,6,2,1358,484,1358,2,0,1358,7,224000
2003,2003,6,2,798,595,798,2,842,1640,7,183000
1953,1953,4,1,936,576,936,2,0,936,4,93000
2003,2003,7,2,847,433,847,2,886,1733,7,225000
1950,1940,7,2,944,240,778,1,545,1489,6,139500
2006,2006,7,2,1489,776,1489,2,0,1489,8,232600
2008,2007,7,2,2084,1220,2078,3,0,2084,10,385000
1950,1924,5,1,784,0,784,0,0,784,5,109500
2001,2001,6,2,1434,527,1454,2,0,1434,7,189000
1967,1967,7,2,1160,538,1013,2,966,2126,5,185000
2005,2005,4,2,520,480,600,2,623,1223,7,147400
1957,1957,6,1,1392,458,1392,2,0,1392,6,166000
2005,2005,4,2,520,480,600,2,600,1200,7,151000
2003,2003,7,2,941,613,941,2,888,1829,7,237000
1964,1964,6,1,1516,472,1516,2,0,1516,6,167000
1961,1961,6,1,1144,456,1144,2,0,1144,5,139950
1995,1950,4,2,1067,436,1067,2,0,1067,4,128000
1973,1948,5,1,1559,812,1559,2,0,1559,5,153500
1973,1973,5,1,483,264,483,1,504,987,6,100000
2006,1995,6,1,1099,352,1099,1,0,1099,5,144000
1995,1946,6,1,768,240,768,1,432,1200,5,130500
1950,1925,7,2,810,400,672,1,672,1482,6,140000
2002,1904,8,2,958,686,650,2,581,1539,5,157500
1966,1966,6,1,1165,490,1127,2,0,1165,6,174900
1961,1961,10,2,1800,0,1800,0,0,1800,5,141000
1950,1915,7,1,876,720,876,3,540,1416,5,153900
1981,1975,6,2,1701,611,1390,2,0,1701,5,171000
1993,1993,7,2,1006,425,740,2,769,1775,7,213000
1972,1972,5,1,864,338,864,1,0,864,5,133500
1997,1908,10,3,1307,360,907,2,1051,2358,6,240000
1994,1976,7,2,1094,512,528,2,761,1855,6,187000
2003,2003,3,1,848,420,848,2,0,848,6,131500
2003,2003,7,2,1456,400,1273,2,0,1456,8,215000
1950,1941,7,2,918,240,918,1,728,1646,7,164000
1964,1964,7,1,1445,645,1127,2,0,1445,6,158000
1974,1955,6,1,1779,454,1763,2,0,1779,5,170000
2010,1962,6,1,1040,260,1040,1,0,1040,5,127000
1978,1978,5,1,1026,576,940,2,0,1026,6,147000
1995,1994,6,2,702,343,702,2,779,1481,6,174000
1976,1976,6,2,1370,479,1090,2,0,1370,7,152000
1984,1968,9,2,1512,619,1054,2,1142,2654,6,250000
1998,1918,7,1,912,216,912,1,514,1426,7,189950
1965,1965,6,1,1039,504,1039,2,0,1039,5,131500
1985,1984,6,2,1097,480,1040,2,0,1097,6,152000
1959,1959,6,1,1148,672,1148,1,0,1148,5,132500
2008,2007,6,2,1372,529,1372,2,0,1372,7,250580
1970,1970,5,1,1002,902,1002,2,0,1002,5,148500
2007,2006,6,2,1646,870,1638,3,0,1646,8,248900
1961,1961,5,1,1120,544,1040,2,0,1120,4,129000
1950,1948,7,2,1547,672,0,2,720,2320,5,169000
1994,1993,8,2,1062,574,1050,2,887,1949,7,236000
1962,1962,5,1,894,308,894,1,0,894,5,109500
1998,1998,7,2,804,523,804,2,878,1682,6,200500
1996,1953,5,1,910,414,105,2,0,910,5,116000
1950,1949,6,1,1036,288,832,1,0,1268,5,133000
1950,1941,5,1,676,200,676,1,455,1131,5,66500
2007,2007,11,2,1184,550,1184,2,1426,2610,8,303477
1963,1963,5,1,1040,648,1064,2,0,1040,4,132250
2005,2004,10,2,1462,738,1462,3,762,2224,9,350000
1995,1961,6,1,1155,576,1109,2,0,1155,5,148000
2005,1978,6,1,864,336,864,1,0,864,5,136500
2006,2005,5,1,1090,450,1090,2,0,1090,5,157000
1991,1990,7,2,1187,400,1156,2,530,1717,7,187500
1993,1992,7,2,808,389,808,2,785,1593,6,178000
1950,1912,10,1,954,440,795,1,795,2230,4,118500
1967,1967,5,1,892,288,892,1,0,892,5,100000
2000,1999,5,2,1709,506,1698,2,0,1709,9,328900
2005,1959,8,2,1712,588,1626,2,0,1712,5,145000
1955,1955,8,1,872,300,816,1,521,1393,5,135500
1970,1970,8,2,2217,621,2217,2,0,2217,8,268000
1953,1953,6,1,1505,505,1505,2,0,1505,6,149500
2006,1949,6,1,672,576,672,2,252,924,5,122900
1978,1978,7,2,918,440,918,2,765,1683,6,172500
2003,1963,6,1,1068,264,1059,1,0,1068,6,154500
1954,1954,6,1,1383,354,1383,1,0,1383,5,165000
1979,1979,8,2,1535,400,0,2,0,1535,5,118858
1963,1963,8,1,983,483,780,2,813,1796,6,140000
1950,1936,6,1,951,327,951,1,0,951,4,106500
1979,1979,12,2,1120,528,0,2,1120,2240,5,142953
2010,2009,11,2,2364,820,2330,3,0,2364,9,611657
1994,1961,6,1,1236,288,912,1,0,1236,5,135000
1971,1971,4,1,858,684,858,1,0,858,4,110000
2000,1957,5,1,1306,756,992,1,0,1306,5,153000
2003,2003,8,2,807,393,783,2,702,1509,7,180000
2006,2006,7,2,1670,690,1670,3,0,1670,7,240000
1967,1967,6,1,902,288,876,1,0,902,5,125500
1954,1954,6,1,1063,280,1056,1,0,1063,5,128000
2006,2006,8,2,1636,865,1623,3,0,1636,8,255000
1987,1936,6,1,1020,180,1017,1,1037,2057,7,250000
1983,1983,5,1,902,484,864,2,0,902,5,131000
2005,2005,8,2,742,390,742,2,742,1484,6,174000
1960,1960,12,2,1105,480,1105,2,1169,2274,5,154300
1989,1977,5,1,1268,252,1268,1,0,1268,5,143500
1950,1925,6,1,1015,450,768,1,0,1015,5,88000
1950,1949,8,2,1001,871,1001,3,1001,2002,5,145000
2009,2009,4,2,612,528,612,2,612,1224,6,173733
1970,1970,6,1,546,286,546,1,546,1092,4,75000
1950,1949,4,0,480,308,480,1,0,480,2,35311
1956,1956,6,1,1229,284,1134,1,0,1229,4,135000
1991,1991,8,2,912,833,1104,3,1215,2127,7,238000
2002,1958,6,1,1414,601,1184,2,0,1414,6,176500
1994,1994,7,2,936,471,928,2,785,1721,6,201000
2003,1900,9,2,1272,0,1272,0,928,2200,5,145900
2006,2005,6,2,1316,397,1316,2,0,1316,6,169990
1994,1993,5,2,1617,533,1604,2,0,1617,6,193000
1980,1980,7,2,1686,612,1686,2,0,1686,6,207500
1977,1977,6,2,1126,540,1126,2,0,1126,5,175000
2004,2003,10,2,1234,656,1181,3,1140,2374,8,285000
1968,1968,9,2,1098,486,832,2,880,1978,7,176000
2001,2001,7,2,1788,522,1753,2,0,1788,8,236500
1997,1997,8,2,993,642,964,2,1243,2236,7,222000
2007,2007,7,2,1466,610,1466,3,0,1466,8,201000
1965,1965,5,1,925,429,925,1,0,925,5,117500
2006,2006,8,2,1905,788,1905,3,0,1905,9,320000
2004,2004,6,2,1500,570,1500,2,0,1500,7,190000
2007,1960,9,2,2069,505,585,2,0,2069,7,242000
1953,1926,5,1,747,528,600,2,0,747,4,79900
2003,2003,5,2,1200,555,1176,2,0,1200,7,184900
2005,2005,8,2,1113,689,1113,2,858,1971,7,253000
2006,2006,7,2,1391,868,1391,3,571,1962,7,239799
1950,1940,10,2,1207,349,1032,1,1196,2403,7,244400
1976,1976,8,2,1728,574,1728,2,0,1728,6,150900
1999,1999,8,2,1022,390,992,2,1038,2060,7,214000
1977,1977,8,2,1440,0,1440,0,0,1440,4,150000
1967,1967,8,2,1632,576,1632,2,0,1632,5,143000
1958,1958,7,1,1344,525,819,2,0,1344,6,137500
1996,1890,7,1,1188,456,1088,2,561,1869,5,124900
1959,1959,6,1,1144,796,1144,1,0,1144,5,143000
2003,2002,9,2,1629,808,1616,3,0,1629,8,270000
2002,2002,7,2,936,474,936,2,840,1776,7,192500
2006,1972,5,1,1381,676,1161,2,0,1381,6,197500
2002,1950,5,1,864,720,864,2,0,864,5,129000
1965,1965,6,1,965,300,828,1,0,965,5,119900
2003,1972,5,1,768,396,768,1,0,768,5,133900
1969,1969,7,2,1168,530,784,2,800,1968,5,172000
1975,1975,4,2,980,0,945,0,0,980,6,127500
1950,1946,8,2,979,492,979,2,979,1958,6,145000
1980,1980,5,1,561,462,561,2,668,1229,6,124000
1962,1962,6,1,1057,576,1057,2,0,1057,5,132000
2003,2003,6,2,1337,531,1337,2,0,1337,7,185000
1999,1999,6,2,696,484,696,2,720,1416,7,155000
2008,1958,4,1,858,0,858,0,0,858,5,116500
1995,1977,11,2,1542,619,1330,2,1330,2872,6,272000
1976,1976,7,2,804,440,804,2,744,1548,6,155000
2007,2007,7,2,1800,702,1800,2,0,1800,9,239000
2003,2002,8,2,824,510,817,2,1070,1894,7,214900
2007,2005,8,2,783,393,783,2,701,1484,6,178900
1950,1940,7,1,976,256,728,1,332,1308,5,160000
1955,1955,6,1,1098,260,1098,1,0,1098,5,135000
1950,1910,6,1,600,0,600,0,368,968,3,37900
1958,1958,6,1,1095,264,588,1,0,1095,6,140000
1950,1949,6,1,720,0,720,0,472,1192,4,135000
2004,2003,6,2,764,474,764,2,862,1626,7,173000
1979,1979,5,2,918,264,918,1,0,918,6,99500
2008,2007,6,2,1428,480,1428,2,0,1428,7,182000
1993,1910,8,1,1136,532,728,2,883,2019,7,167500
2000,2000,6,2,673,490,673,2,709,1382,7,165000
1958,1923,4,1,869,0,440,0,0,869,4,85500
2007,2006,4,1,1241,569,1241,2,0,1241,7,199900
1954,1954,5,1,894,400,894,2,0,894,4,110000
1963,1963,5,1,1121,480,1121,2,0,1121,5,139000
2007,1961,6,1,999,588,944,2,0,999,7,178400
1999,1998,8,2,1276,676,1225,3,1336,2612,8,336000
2007,2007,6,2,1266,388,1266,2,0,1266,7,159895
2002,2002,9,2,1149,779,1128,2,1141,2290,8,255900
1977,1977,8,2,1302,539,0,2,432,1734,5,126000
1950,1950,5,1,1164,240,1164,1,0,1164,5,125000
2003,1910,5,1,1001,255,485,1,634,1635,6,117000
2010,2009,8,2,1940,606,1930,3,0,1940,9,395192
1976,1976,8,2,1118,551,848,2,912,2030,6,195000
2006,2006,6,2,778,614,770,2,798,1576,7,197000
1998,1997,7,2,1407,870,1396,3,985,2392,8,348000
1986,1882,8,1,916,424,916,2,826,1742,8,168000
1993,1964,7,2,1020,440,822,2,831,1851,6,187000
2006,2005,6,2,750,564,750,2,750,1500,6,173900
2007,2006,7,2,1718,786,1700,3,0,1718,10,337500
1950,1946,5,1,774,305,747,1,456,1230,4,121600
1961,1961,6,1,1050,368,1050,1,0,1050,5,136500
1970,1970,6,2,1442,615,1442,2,0,1442,6,185000
1950,1922,6,1,1077,210,1007,1,0,1077,3,91000
2006,2006,6,2,1208,632,1187,2,0,1208,7,206000
1952,1952,4,1,944,528,0,2,0,944,3,82000
1950,1920,4,1,691,216,691,1,0,691,5,86000
2006,2006,7,2,1574,824,1574,3,0,1574,8,232000
1976,1976,8,2,1680,528,1680,2,0,1680,5,136905
2006,2005,7,2,1504,457,1346,2,0,1504,7,181000
1977,1977,6,2,985,328,985,1,0,985,5,149900
1970,1970,7,2,1657,484,1657,2,0,1657,6,163500
1970,1970,6,1,546,286,546,1,546,1092,4,88000
2005,2004,7,2,1710,550,1710,2,0,1710,7,240000
1950,1926,7,2,1008,0,1008,0,0,1522,5,102000
1950,1948,7,2,720,312,720,1,551,1271,5,135000
1965,1965,8,2,1664,0,0,0,0,1664,5,100000
1996,1923,7,1,900,180,602,1,602,1502,6,165000
2006,1910,4,1,1022,280,1022,1,0,1022,5,85000
1950,1948,5,1,1082,240,1082,1,0,1082,6,119200
2001,2001,6,2,810,528,810,2,855,1665,8,227000
1996,1996,6,2,1504,478,1504,2,0,1504,7,203000
1984,1984,4,1,1360,565,1220,2,0,1360,8,187500
1992,1991,7,2,802,402,384,2,670,1472,7,160000
2005,2005,6,2,1506,440,1362,2,0,1506,7,213490
2005,2005,5,1,1132,451,1132,2,0,1132,4,176000
2006,2006,6,2,1220,632,1199,2,0,1220,7,194000
1950,1930,6,1,912,160,912,1,336,1248,5,87000
2006,2005,7,2,1504,437,1346,2,0,1504,7,191000
1976,1976,10,2,2898,665,1565,2,0,2898,8,287000
1972,1972,5,1,882,461,882,2,0,882,5,112500
1960,1960,6,1,1264,461,1268,2,0,1264,5,167500
2008,2007,7,2,1646,800,1638,3,0,1646,8,293077
1950,1941,6,1,968,240,768,1,408,1376,5,105000
1972,1972,7,1,672,264,672,1,546,1218,6,118000
1995,1916,10,2,948,0,686,0,980,1928,5,160000
1970,1920,12,2,1687,672,824,2,998,3082,7,197000
1993,1993,10,2,1352,796,1338,3,1168,2520,8,310000
2002,2002,6,2,1654,900,1654,3,0,1654,7,230000
1950,1938,5,1,954,240,920,1,0,954,5,119750
1957,1957,5,1,845,290,0,1,0,845,4,84000
2008,2007,6,2,1620,912,1620,3,0,1620,9,315500
2002,2001,7,2,1055,905,1055,2,1208,2263,8,287000
2008,1970,6,1,798,0,546,0,546,1344,4,97000
1970,1970,3,1,630,286,630,1,0,630,4,80000
2000,1957,8,2,1803,484,1134,2,0,1803,5,155000
2000,1966,7,1,800,484,800,2,832,1632,6,173000
2005,2005,5,2,1306,624,1306,2,0,1306,6,196000
1990,1990,10,2,1532,514,1475,2,797,2329,7,262280
1981,1981,9,2,2524,542,2524,2,0,2524,8,278000
1955,1955,8,2,1733,452,0,2,0,1733,3,139600
2006,2005,11,3,1992,716,1992,3,876,2868,9,556581
1995,1994,5,1,990,672,990,2,0,990,5,145000
2006,1960,9,1,1771,336,0,2,0,1771,5,115000
2006,1946,6,1,930,308,0,1,0,930,4,84900
2007,2007,6,2,1302,436,1302,2,0,1302,7,176485
2007,2007,6,2,1316,440,1316,2,0,1316,7,200141
1978,1964,9,1,1127,540,816,2,850,1977,6,165000
2002,1957,7,1,1526,364,1216,1,0,1526,5,144500
2002,2002,7,2,1091,586,1065,2,898,1989,8,255000
1976,1976,7,2,1523,478,1193,2,0,1523,6,180000
2005,2005,6,2,1364,484,1364,2,0,1364,7,185850
1994,1994,7,2,979,467,973,2,871,1850,7,248000
2008,2008,10,2,1130,836,1104,3,1054,2184,9,335000
1950,1932,7,1,1096,432,854,2,895,1991,6,220000
2001,2001,6,2,1338,582,1338,2,0,1338,8,213500
1950,1935,6,1,894,1248,894,3,0,894,3,81000
1950,1900,10,2,1422,560,662,2,915,2337,5,90000
1980,1925,5,1,1103,440,1103,2,0,1103,6,110500
1966,1966,6,1,1154,480,1154,2,0,1154,5,154000
1997,1996,7,2,1306,533,1306,2,954,2260,7,328000
1994,1993,7,2,799,380,799,2,772,1571,6,178000
1964,1964,7,1,798,442,780,2,813,1611,6,167900
1973,1973,10,2,1291,576,942,2,1230,2521,6,151400
2003,1949,4,1,893,576,845,2,0,893,5,135000
1956,1956,6,1,1048,286,1048,1,0,1048,5,135000
1968,1968,8,1,829,441,727,2,727,1556,6,154000
1950,1948,7,1,1002,280,810,1,454,1456,5,91500
1977,1977,6,1,698,440,690,2,728,1426,6,159500
2006,2006,5,2,1240,826,1240,3,0,1240,7,194000
1984,1940,6,1,960,240,800,1,780,1740,7,219500
1989,1936,7,2,1096,566,796,2,370,1466,5,170000
1969,1969,6,1,1096,299,1096,1,0,1096,5,138800
2004,2004,3,1,848,420,848,2,0,848,6,155900
1994,1994,5,1,990,299,990,1,0,990,5,126000
2004,1971,5,2,1258,528,1258,2,0,1258,6,145000
1963,1963,5,1,1040,308,1040,1,0,1040,5,133000
2002,2002,6,2,1459,527,1459,2,0,1459,7,192000
1964,1964,6,1,1251,461,1251,1,0,1251,6,160000
1996,1995,6,2,691,409,691,2,807,1498,6,187500
1992,1992,5,1,996,564,936,2,0,996,6,147000
1973,1973,6,1,546,286,546,1,546,1092,4,83500
2006,2005,9,2,1082,1043,1082,3,871,1953,8,252000
2004,2004,7,2,970,380,970,2,739,1709,7,137500
2005,2005,4,1,1247,550,1247,2,0,1247,8,197000
1950,1950,6,2,1040,400,0,2,0,1040,3,92900
2000,1999,4,2,624,462,600,2,628,1252,7,160000
1950,1925,7,2,1390,576,1181,2,304,1694,6,136500
1998,1965,6,1,1200,884,864,2,0,1200,5,146000
2000,1956,4,1,936,308,936,1,0,936,5,129000
2006,2006,6,2,1314,440,1314,2,0,1314,6,176432
2006,1914,7,1,773,0,684,0,582,1355,6,127000
1986,1986,5,1,1088,461,1074,2,0,1088,8,170000
1950,1936,6,1,757,240,672,1,567,1324,4,128000
1978,1978,7,2,1601,478,1271,2,0,1601,7,157000
1950,1920,3,1,438,246,290,1,0,438,2,60000
1971,1971,5,1,950,280,950,1,0,950,5,119500
2002,1960,6,1,1134,254,1010,1,0,1134,5,135000
1959,1959,6,1,1194,539,655,2,0,1194,6,159500
1970,1970,6,2,630,440,630,2,672,1302,5,106000
1995,1994,9,2,1500,712,1463,2,1122,2622,8,325000
1991,1990,6,2,1442,719,910,2,0,1442,7,179900
2006,2006,9,2,887,422,868,2,1134,2021,7,274725
2000,2000,7,2,948,463,924,2,742,1690,6,181000
2005,2004,7,2,1836,862,1836,3,0,1836,8,280000
1996,1995,8,2,773,431,773,2,885,1658,6,188000
1976,1976,8,2,1098,483,803,2,866,1964,7,205000
1957,1957,5,1,816,308,816,1,0,816,5,129900
2006,1953,6,1,1008,240,1008,1,0,1008,5,134500
2000,1954,4,1,833,326,833,1,0,833,5,117000
2007,2007,7,2,1734,928,1734,3,0,1734,8,318000
2002,2002,7,2,779,527,408,2,640,1419,8,184100
2003,1967,5,1,894,450,894,2,0,894,5,130000
1987,1958,6,1,1021,300,533,1,580,1601,5,140000
1959,1959,6,1,1040,286,1040,1,0,1040,5,133700
1950,1920,6,1,1012,308,1012,1,0,1012,6,118400
2006,2005,7,2,1552,782,1552,3,0,1552,7,212900
1956,1956,5,1,960,288,672,1,0,960,4,112000
2008,1947,4,1,698,0,698,0,0,698,5,118000
1992,1992,7,2,812,392,384,2,670,1482,7,163900
1955,1955,5,1,1005,672,1005,2,0,1005,4,115000
2007,2007,7,2,1555,660,1373,3,0,1555,7,174000
2004,2004,7,2,1530,630,1530,3,0,1530,7,259000
2005,2004,8,2,847,434,847,2,1112,1959,7,215000
1980,1980,4,1,936,672,936,2,0,936,5,140000
1950,1928,7,2,1328,576,1122,2,653,1981,4,135000
1992,1991,5,1,974,0,974,0,0,974,5,93500
1950,1880,8,2,1178,205,1008,1,1032,2210,6,117500
1995,1995,8,2,1142,466,1128,2,878,2020,8,239500
1997,1997,7,2,916,460,916,2,684,1600,6,169000
1950,1926,5,1,986,180,960,1,0,986,6,102000
1950,1950,6,1,1032,288,1032,1,220,1252,6,119000
1996,1875,6,1,780,0,780,0,240,1020,5,94000
1977,1977,5,2,1567,714,1567,2,0,1567,6,196000
1950,1920,6,1,1167,495,915,2,0,1167,5,144000
1951,1951,4,1,952,840,952,2,0,952,5,139000
1976,1976,9,2,1088,484,780,2,780,1868,5,197500
2007,2006,11,3,1466,1052,1466,3,1362,2828,8,424870
1959,1959,5,1,1006,0,1006,0,0,1006,5,80000
1950,1941,5,1,672,280,672,1,252,924,4,80000
1950,1928,8,1,1042,225,1042,1,534,1576,5,149000
1985,1985,5,2,1298,403,1298,2,0,1298,6,180000
1950,1941,7,1,860,234,704,1,704,1564,7,174500
1950,1926,5,1,572,288,572,1,539,1111,7,116900
1988,1920,7,1,832,324,650,2,650,1482,7,143000
1950,1950,4,1,932,306,932,1,0,932,6,124000
1959,1959,6,1,1466,528,1466,2,0,1466,5,149900
2004,1956,6,1,1811,470,1073,2,0,1811,6,230000
2007,1930,5,1,816,432,816,1,0,816,6,120500
1988,1965,8,1,902,492,864,2,918,1820,7,201800
2004,1976,6,2,1437,528,1437,2,0,1437,5,218000
1999,1965,6,2,1265,502,1219,2,0,1265,5,179900
2008,2007,6,2,1314,626,1314,2,0,1314,7,230000
2008,2007,7,2,1580,830,1580,3,0,1580,8,235128
1974,1974,8,2,943,540,901,2,933,1876,6,185000
1978,1978,7,2,855,440,855,2,601,1456,6,146000
2006,1954,7,1,1640,924,1296,2,0,1640,6,224000
1968,1968,5,1,894,450,894,2,0,894,5,129000
1969,1969,6,0,1258,400,1198,2,0,1258,4,108959
1978,1978,5,1,1432,588,1360,2,0,1432,5,194000
2009,2009,7,2,1502,644,1502,2,0,1502,7,233170
2008,2008,7,2,1694,776,1694,3,0,1694,8,245350
2000,2000,7,2,959,472,959,2,712,1671,6,173000
1986,1935,7,2,1236,540,1127,2,872,2108,6,235000
1996,1995,10,3,1831,807,1930,3,1796,3627,10,625000
1977,1977,6,1,1118,358,1096,1,0,1118,6,171000
1958,1958,6,1,1261,433,1261,2,0,1261,6,163000
2007,2006,5,2,625,625,625,2,625,1250,7,171900
1994,1946,12,3,1636,0,1598,0,971,3086,5,200500
1950,1932,9,2,1170,360,952,2,1175,2345,6,239000
2000,1992,9,2,2129,541,1683,2,743,2872,8,285000
1985,1984,5,1,923,264,876,1,0,923,5,119500
2004,1926,5,1,818,210,818,1,406,1224,6,115000
1950,1921,7,1,820,186,731,1,523,1343,5,154900
1954,1954,5,1,1124,0,0,0,0,1124,5,93000
1991,1990,8,2,1298,693,1216,2,1216,2514,7,250000
2008,2008,5,2,1652,482,1600,2,0,1652,8,392500
1996,1996,10,3,2411,813,2396,3,2065,4476,10,745000
1950,1920,5,1,1130,720,1120,2,0,1130,5,120000
1963,1963,5,1,1572,995,1572,3,0,1572,5,186700
1950,1924,7,1,949,392,784,1,272,1221,5,104900
1970,1900,7,2,1014,420,978,2,685,1699,3,95000
1995,1994,5,2,1624,757,1624,3,0,1624,8,262000
2002,2002,7,2,831,493,831,2,829,1660,7,195000
1999,1999,7,2,1028,442,994,2,776,1804,7,189000
1975,1961,7,1,1622,1356,1249,4,0,1622,4,168000
2000,1999,5,2,764,492,776,2,677,1441,8,174000
1994,1925,6,1,842,250,702,1,630,1472,5,125000
1999,1999,5,2,1224,402,1224,2,0,1224,6,165000
1969,1969,7,1,663,299,663,1,689,1352,6,158000
2005,2005,8,2,728,400,728,2,728,1456,6,176000
2006,2006,9,2,879,660,879,3,984,1863,7,219210
1950,1916,7,1,815,225,815,1,875,1690,7,144000
2001,2001,6,2,1212,573,1212,2,0,1212,7,178000
1979,1963,6,1,1382,459,1051,2,0,1382,4,148000
1970,1970,5,1,864,280,864,1,0,864,4,116050
1998,1998,6,2,866,546,866,2,913,1779,7,197900
1997,1925,5,1,884,216,884,1,464,1348,5,117000
2001,2000,6,2,1630,451,1630,2,0,1630,7,213000
1975,1975,6,1,1074,495,1056,2,0,1074,5,153500
1991,1990,7,2,2196,701,2158,3,0,2196,7,271900
1966,1966,5,1,1056,384,1056,1,0,1056,4,107000
2003,2003,7,2,1700,544,1682,2,0,1700,6,200000
1980,1962,6,1,1283,506,931,2,0,1283,5,140000
2006,2006,8,2,1660,500,1660,2,0,1660,8,290000
1992,1992,8,2,1055,462,1055,2,790,1845,6,189000
2005,1988,8,2,1080,492,559,2,672,1752,8,164000
1950,1941,4,1,672,234,672,1,0,672,4,113000
2001,1965,3,0,960,364,648,1,0,960,4,145000
1962,1962,6,1,999,300,925,1,0,999,5,134500
1966,1966,5,1,894,384,894,1,0,894,5,125000
1978,1978,8,2,1318,539,0,2,584,1902,6,112000
2009,2009,6,2,1314,552,1300,2,0,1314,8,229456
1950,1947,3,1,672,0,0,0,240,912,4,80500
1971,1971,7,1,672,0,672,0,546,1218,6,91500
1964,1964,5,1,912,288,912,1,0,912,5,115000
1968,1968,5,1,1211,322,952,1,0,1211,5,134000
1950,1949,7,2,1168,315,1040,1,678,1846,6,143000
1951,1951,7,2,2136,528,2136,2,0,2136,5,137900
2005,2004,8,2,788,388,788,2,702,1490,7,184000
1958,1958,6,1,1138,264,588,1,0,1138,6,145000
2007,2007,9,2,894,668,894,3,1039,1933,6,214000
2008,1965,5,1,912,576,912,2,0,912,5,147000
2008,2008,7,1,1702,1052,1702,3,0,1702,9,367294
1960,1960,7,2,1507,404,1075,1,0,1507,5,127000
1977,1977,12,2,1361,600,1361,2,1259,2620,5,190000
1962,1962,6,1,1190,540,1106,2,0,1190,5,132500
1962,1962,6,2,1224,462,0,2,0,1224,4,101800
1959,1959,6,1,1188,531,1188,2,0,1188,5,142000
1950,1911,7,1,1024,0,940,0,940,1964,5,130000
1950,1914,9,1,892,180,747,1,892,1784,5,138887
2003,2003,6,2,764,474,764,2,862,1626,7,175500
2005,2004,8,2,847,434,847,2,1101,1948,7,195000
2005,2005,6,1,1141,484,1141,2,0,1141,6,142500
2006,2006,6,2,1484,472,1476,2,0,1484,8,265900
2003,2003,8,2,884,543,884,2,884,1768,7,224900
2007,2007,7,2,1689,954,1689,3,0,1689,7,248328
1974,1974,6,2,1173,528,1053,2,0,1173,7,170000
2006,2006,7,2,2076,850,2076,3,0,2076,10,465000
1950,1929,7,1,792,400,792,2,725,1517,8,230000
2003,1984,7,3,1140,477,585,2,728,1868,6,178000
2006,2005,6,2,756,615,756,2,797,1553,7,186500
1976,1976,6,1,1034,888,1012,3,0,1034,6,169900
1950,1917,8,1,1134,396,735,2,924,2058,6,129500
1950,1950,6,1,988,276,876,1,0,988,5,119000
1968,1968,8,2,2110,522,2110,2,0,2110,7,244000
2003,2003,6,2,1405,478,1405,2,0,1405,7,171750
1968,1968,5,1,874,288,864,1,0,874,5,130000
2003,1974,9,2,1516,518,1192,2,651,2167,7,294000
2004,2003,7,2,760,397,746,2,896,1656,7,165400
1950,1931,6,1,959,560,884,1,408,1367,6,127500
1994,1994,7,2,1987,691,1986,2,0,1987,8,301500
1950,1922,4,1,864,0,864,0,0,864,5,99900
2005,2005,5,2,1166,400,856,2,0,1166,7,190000
1969,1969,6,1,1054,460,1054,2,0,1054,6,151000
1999,1999,7,2,892,502,841,2,783,1675,6,181000
1956,1956,5,1,1050,338,1050,1,0,1050,5,128900
1989,1957,8,1,1104,304,1104,1,684,1788,4,161500
1950,1919,8,1,1060,520,764,2,764,1824,6,180500
1999,1998,5,2,1337,511,1405,2,0,1337,6,181000
1999,1999,6,2,713,506,691,2,739,1452,7,183900
1950,1910,9,1,964,308,925,1,925,1889,7,122000
2009,2008,10,2,2018,746,2002,3,0,2018,9,378500
1997,1935,11,3,1968,1014,728,3,1479,3447,8,381000
1958,1958,7,1,874,315,874,1,650,1524,5,144000
1979,1979,4,0,1332,586,1332,2,192,1524,7,260000
1968,1968,7,2,1489,462,1489,2,0,1489,6,185750
1965,1965,5,1,935,288,935,1,0,935,5,137000
2006,1959,5,1,1357,312,1019,1,0,1357,6,177000
2003,1910,8,2,661,552,661,2,589,1250,5,139000
1950,1948,10,2,928,400,928,2,992,1920,5,137000
1972,1972,6,1,735,497,723,2,660,1395,6,162000
1976,1967,7,1,1724,480,1680,2,0,1724,6,197900
2002,2002,7,2,1128,577,1128,2,903,2031,8,237000
1950,1920,6,1,698,528,698,2,430,1128,4,68400
2002,2002,6,2,1573,544,1573,2,0,1573,7,227000
1990,1990,6,2,1339,484,1309,2,0,1339,7,180000
2008,1977,5,2,1040,484,1040,2,0,1040,5,150500
1971,1971,8,2,912,0,912,0,912,1824,6,139000
1990,1919,10,2,1699,336,804,1,748,2447,6,169000
1950,1939,6,1,825,280,780,1,587,1412,6,132500
1963,1963,6,1,1328,528,1328,2,0,1328,6,143000
1964,1964,7,2,1582,390,1624,2,0,1582,5,190000
2000,2000,5,2,1659,499,1501,2,0,1659,8,278000
2006,2006,8,2,1120,753,1085,3,850,1970,8,281000
1964,1964,6,1,1152,484,1152,2,0,1152,5,180500
1972,1972,6,2,630,264,630,1,672,1302,5,119500
1965,1892,11,2,1378,432,994,1,994,2372,5,107500
1976,1976,8,2,832,528,832,2,832,1664,7,162900
1990,1955,5,1,864,572,864,2,0,864,5,115000
1968,1968,5,1,1052,288,1052,1,0,1052,5,138500
1963,1963,6,2,1128,525,1120,2,0,1128,5,155000
2006,2005,5,2,1072,525,547,2,0,1072,6,140000
2008,2008,12,2,4692,1418,6110,2,950,5642,10,160000
1994,1959,6,1,1246,305,1246,1,0,1246,5,154000
1999,1999,9,2,1005,490,978,2,978,1983,7,225000
1950,1942,7,1,753,213,771,1,741,1494,6,177500
1994,1994,8,2,1203,844,1165,3,1323,2526,8,290000
2005,2005,7,2,1616,834,1616,3,0,1616,7,232000
2004,2004,7,2,976,380,976,2,732,1708,7,130000
2007,2006,6,2,1652,840,1652,2,0,1652,9,325000
2006,2005,6,2,1368,474,1368,2,0,1368,7,202500
1995,1994,5,1,990,480,990,2,0,990,5,138000
2005,1948,6,1,1122,528,924,2,0,1122,5,147000
1991,1991,6,2,1294,496,1278,2,0,1294,6,179200
2002,1959,7,2,1902,567,1902,2,0,1902,7,335000
2007,2005,6,2,1274,508,1274,2,0,1274,7,203000
1990,1990,9,2,1453,750,1453,2,1357,2810,8,302000
1999,1999,10,2,1422,779,1393,3,1177,2599,9,333168
1954,1954,5,1,948,280,948,1,0,948,4,119000
1969,1969,9,2,1092,576,952,2,1020,2112,6,206900
2008,2008,8,2,1630,860,1622,3,0,1630,8,295493
2007,2006,5,2,1352,466,1352,2,0,1352,7,208900
2002,2001,7,2,1787,748,1753,3,0,1787,8,275000
1954,1954,5,1,948,248,864,1,0,948,4,111000
1957,1957,6,1,1478,442,1478,2,0,1478,6,156500
1950,1949,4,1,720,287,0,1,0,720,3,72500
1992,1992,8,2,1061,564,750,2,862,1923,7,190000
1950,1940,5,1,708,0,420,0,0,708,4,82500
2007,2006,7,2,1795,895,1795,3,0,1795,8,147000
1950,1922,5,1,796,0,796,0,0,796,4,55000
2006,1931,6,1,774,0,544,0,0,774,3,79000
2008,1982,5,1,816,264,816,1,0,816,5,130500
1950,1920,8,2,1584,520,1510,2,1208,2792,6,256000
1998,1998,8,2,955,462,935,2,677,1632,7,176500
2006,2006,7,2,1588,825,1588,3,0,1588,8,227000
1976,1976,6,1,954,576,911,2,0,954,5,132500
1958,1938,3,1,816,288,816,1,0,816,4,100000
1995,1938,6,1,803,297,803,1,557,1360,5,125500
1970,1970,7,1,765,440,765,2,600,1365,5,125000
1977,1977,6,2,1334,630,1350,2,0,1334,6,167900
1973,1973,8,2,1656,506,1656,2,0,1656,5,135000
1950,1941,4,1,693,0,693,0,0,693,4,52500
2002,2002,8,2,920,492,916,2,941,1861,7,200000
1972,1972,5,1,864,288,864,1,0,864,5,128500
1971,1971,5,1,872,480,858,4,0,872,4,123000
2004,2003,6,1,1114,576,1114,2,0,1114,6,155000
2002,2002,7,2,1284,647,1284,2,885,2169,8,228500
1950,1928,9,1,1172,342,896,2,741,1913,6,177000
2006,2006,8,2,728,440,728,2,728,1456,7,155835
1950,1920,5,1,960,308,960,1,0,960,4,108500
2003,1968,9,2,2156,508,1568,2,0,2156,7,262500
2007,2006,7,2,1776,712,1732,3,0,1776,8,283463
1998,1998,5,2,1494,514,1482,2,0,1494,7,215000
1987,1872,8,2,938,0,684,0,1215,2358,8,122000
1969,1969,12,2,1338,968,1248,4,1296,2634,5,200000
1962,1962,8,1,858,490,858,2,858,1716,6,171000
2000,1937,4,1,786,624,698,2,390,1176,6,134900
1996,1995,9,2,2053,666,2033,3,1185,3238,8,410000
2000,2000,7,2,992,839,992,3,873,1865,7,235000
1992,1968,8,3,1222,487,570,2,698,1920,7,170000
1966,1966,5,1,892,264,864,1,0,892,5,110000
2008,1971,6,1,1078,500,1078,2,0,1078,5,149900
2000,2000,5,2,769,440,756,2,804,1573,6,177500
2005,2004,8,2,1980,770,1980,3,0,1980,9,315000
1998,1921,8,3,990,621,612,2,1611,2601,5,189000
2005,2005,7,2,1530,430,1530,2,0,1530,7,260000
2007,1920,7,2,1281,368,715,1,457,1738,4,104900
2007,2006,6,2,616,432,616,2,796,1412,6,156932
2005,2005,4,2,520,480,600,2,600,1200,7,144152
2000,2000,7,2,814,663,814,2,860,1674,7,216000
1999,1999,7,2,882,588,873,2,908,1790,7,193000
1977,1977,6,2,925,336,757,1,550,1475,5,127000
2004,2003,4,1,848,420,848,2,0,848,6,144000
2003,2003,8,2,1668,502,1657,2,0,1668,8,232000
1950,1920,6,1,840,338,840,1,534,1374,4,105000
1996,1955,8,1,1661,377,992,1,0,1661,6,165500
1998,1998,8,2,1108,583,1108,2,989,2097,7,274300
2002,2001,8,2,2633,804,2633,3,0,2633,10,466500
2005,2005,9,2,1026,936,1026,3,932,1958,7,250000
2007,2007,7,2,1571,722,1571,3,0,1571,8,239000
1950,1930,4,1,790,160,768,1,0,790,6,91000
1960,1941,6,2,984,660,984,2,620,1604,5,117000
1973,1973,5,1,483,264,483,1,504,987,6,83000
2007,2006,7,2,754,400,384,2,640,1394,5,167500
1950,1914,5,1,864,200,864,1,0,864,3,58500
1970,1970,7,2,2117,550,1205,2,0,2117,6,237500
1950,1920,8,1,998,576,596,2,764,1762,7,157000
2007,1918,7,2,1416,576,816,2,0,1416,5,112000
1950,1939,6,1,698,280,560,1,560,1258,6,105000
2007,1922,7,1,796,240,796,1,358,1154,4,125500
1978,1978,12,3,1392,564,1392,2,1392,2784,7,250000
1950,1916,10,2,1664,216,714,1,862,2526,6,136000
2007,2006,7,2,1746,758,1746,3,0,1746,9,377500
1950,1941,6,1,869,440,735,2,349,1218,6,131000
2000,2000,6,2,1525,541,1525,2,0,1525,7,235000
1967,1967,8,2,1584,792,1584,3,0,1584,5,124000
1967,1967,6,1,900,288,864,1,0,900,5,123000
2000,1905,7,2,1221,672,482,2,691,1912,6,163000
2006,2006,6,2,1500,648,1356,3,0,1500,7,246578
2006,2005,9,2,1133,642,1094,3,1349,2482,8,281213
1950,1948,7,1,1687,572,747,2,0,1687,5,160000
2004,1920,8,1,939,180,939,1,574,1513,5,137500
1982,1950,7,1,1136,240,1208,1,768,1904,5,138000
1990,1925,7,2,1160,216,976,1,448,1608,6,137450
1950,1929,5,1,950,208,862,1,208,1158,6,120000
2004,2004,8,2,864,398,839,2,729,1593,6,193000
2006,2006,6,2,1294,662,1286,2,0,1294,7,193879
2007,2007,6,2,1464,754,1485,3,0,1464,8,282922
1950,1915,6,1,694,936,672,3,520,1214,3,105000
2005,2004,5,2,1646,482,1594,2,0,1646,8,275000
2007,1972,5,1,768,396,768,2,0,768,5,133000
1985,1985,5,1,833,0,833,0,0,833,5,112000
1950,1910,6,1,741,528,622,2,622,1363,4,125500
1991,1986,7,2,1236,542,791,2,857,2093,7,215000
2001,2001,6,2,944,622,944,2,896,1840,7,230000
2005,1950,6,1,1112,271,856,1,556,1668,6,140000
1950,1949,6,2,1040,420,0,2,0,1040,4,90000
2006,2005,7,2,1844,620,1844,2,0,1844,8,257000
2000,1923,8,1,1053,370,833,2,795,1848,6,207000
2007,2007,7,2,1569,660,1386,3,0,1569,7,175900
1950,1885,11,2,1246,560,777,2,1044,2290,4,122500
1998,1998,7,2,1310,1069,1284,3,1140,2450,8,340000
1963,1963,6,1,1144,336,1144,1,0,1144,5,124000
1969,1969,7,2,1844,540,1844,2,0,1844,6,223000
1968,1968,7,2,708,776,708,2,708,1416,6,179900
1977,1977,4,2,1069,440,1069,2,0,1069,6,127500
2003,2003,3,1,848,420,848,2,0,848,6,136500
1966,1966,8,2,1575,432,697,2,626,2201,6,274970
1983,1958,6,1,1344,484,1024,1,0,1344,5,144000
1959,1959,7,1,1252,528,1252,2,0,1252,6,142000
1994,1994,5,2,1223,525,1223,2,904,2127,7,271000
1950,1945,6,1,1048,288,913,1,510,1558,5,140000
1992,1940,4,1,804,240,788,1,0,804,5,119000
1981,1981,7,2,1440,467,1440,2,0,1440,6,182900
2005,2005,7,2,734,372,732,2,1104,1838,5,192140
1976,1976,5,2,958,440,958,2,0,958,6,143750
2007,1927,5,2,968,216,656,1,0,968,4,64500
2000,2000,8,2,962,451,936,2,830,1792,6,186500
1977,1977,5,2,1126,484,1126,2,0,1126,5,160000
2005,1962,7,1,1537,462,1319,2,0,1537,6,174000
1971,1971,5,1,864,528,864,2,0,864,4,120500
2008,2008,7,2,1932,774,1932,3,0,1932,8,394617
1996,1957,6,1,1236,923,912,2,0,1236,6,149700
1979,1979,6,2,1040,550,539,2,685,1725,7,197000
1994,1922,11,2,1423,672,588,2,748,2555,6,191000
2004,2004,3,1,848,420,848,2,0,848,6,149300
2008,2008,10,2,1026,812,1017,3,981,2007,10,310000
1950,1916,4,1,952,192,952,1,0,952,6,121000
2004,2004,7,2,1422,626,1422,2,0,1422,7,179600
1966,1966,6,1,913,240,814,1,0,913,6,129000
1962,1962,6,1,1188,312,1188,1,0,1188,5,157900
1996,1995,8,2,1220,556,1220,2,870,2090,8,240000
2000,1910,6,1,796,384,560,1,550,1346,4,112000
1970,1970,3,1,630,0,630,0,0,630,5,92000
1974,1974,8,2,896,0,896,0,896,1792,5,136000
2009,2008,7,2,1578,840,1573,3,0,1578,8,287090
2005,2005,5,1,1072,525,547,2,0,1072,5,145000
2006,2006,6,1,1140,0,1140,0,0,1140,5,84500
2005,2004,6,2,1221,400,1221,2,0,1221,7,185000
2000,1999,7,2,953,460,953,2,694,1647,6,175000
1988,1978,7,2,2073,500,1542,2,0,2073,6,210000
2006,1941,9,2,1188,252,1152,1,1152,2340,7,266500
1996,1950,5,1,1078,240,1078,1,0,1078,5,142125
1965,1965,6,1,1256,276,1256,1,0,1256,5,147500
